SAM,AREA_Dry,AREA_logdiff,AREA_Wet,Oilpct_Dry,Oilpct_logdiff,Oilpct_Wet,StemDiametermm_Wet,StemHeightmm_Wet,RootingDepthmm_Wet,RootBiomassmg_Wet,TRLmm_Wet,SRLmmg_Wet,RootBiomassAllocation_Wet,TRLAllocation_Wet,StemDiametermm_Dry,StemHeightmm_Dry,RootingDepthmm_Dry,RootBiomassmg_Dry,TRLmm_Dry,SRLmmg_Dry,RootBiomassAllocation_Dry,TRLAllocation_Dry,StemDiametermm_logdiff,StemHeightmm_logdiff,RootingDepthmm_logdiff,RootBiomassmg_logdiff,TRLmm_logdiff,SRLmmg_logdiff,RootBiomassAllocation_logdiff,TRLAllocation_logdiff
SAM001,11026.28,-0.023113141,11284.1,38.83273536,-0.031306464,40.06768101,2.575,44.381,129.875,6.55,1249.969,13.034,0.761,0.394,2.242,22.9,107.11,4.15,473.67,12.733,0.706,0.382,0.138481209,0.661674539,0.192716106,0.456356715,0.970363153,0.023364279,0.07501812,0.030930301
SAM002,5009.24,-0.451693166,7869.365,36.08159674,0.013935777,35.58225906,2.766,25.49,106.927,8.4,1514.032,13.201,0.654,0.387,2.82,36.222,126.572,16.5,3164.027,12.912,0.557,0.246,-0.019334652,-0.351380451,-0.168664958,-0.675128675,-0.737069293,0.022135473,0.160542112,0.453093157
SAM003,4146.585,-0.069218011,4443.77,12.03134452,0.071103086,11.20558374,2.252,39.769,98.215,7,859.721,13.094,0.616,0.367,2.344,51.717,123.198,6.8,1266.968,13.265,0.73,0.25,-0.040040161,-0.262698833,-0.226633864,0.028987537,-0.387774005,-0.012974878,-0.169797571,0.38390093
SAM004,6852.74,-1.006801147,18754.8,34.34804863,0.018052101,33.73355731,2.581,39.535,136.927,6.95,1792.673,13.296,0.608,0.297,2.757,31.229,125.451,11.15,1718.886,12.831,0.545,0.25,-0.065966211,0.235839205,0.087532693,-0.472697838,0.042031396,0.03559912,0.109389087,0.172271221
SAM005,3921.345,-1.077220168,11515.05,29.29094092,0.079633981,27.04884494,NA,NA,NA,NA,NA,NA,NA,NA,NA,NA,NA,NA,NA,NA,NA,NA,NA,NA,NA,NA,NA,NA,NA,NA
SAM006,5647.32,-0.755848299,12025.5,22.51233132,0.068098412,21.03031159,2.624,48.404,72.988,8.467,1169.568,11.344,0.829,0.568,2.514,48.696,95.565,7.733,1290.491,12.666,0.606,0.265,0.042824761,-0.006014436,-0.2695116,0.090679369,-0.098388316,-0.110232268,0.313340169,0.762391593
SAM007,6920.26,-0.707008239,14033.7,39.0864452,-0.093057921,42.89836261,2.805,60.641,156.324,12.5,2862.647,12.616,0.511,0.223,2.391,66.561,125.013,14.9,2774.18,12.848,0.452,0.257,0.15969185,-0.093147588,0.223513045,-0.175632569,0.031391513,-0.018222308,0.12268741,-0.141904313
SAM008,12529.37,0.325654436,9046.89,5.355668523,0.141998374,4.646699409,NA,NA,NA,NA,NA,NA,NA,NA,NA,NA,NA,NA,NA,NA,NA,NA,NA,NA,NA,NA,NA,NA,NA,NA
SAM009,4487.565,-0.731212304,9323.355,32.07034903,0.065265155,30.04411322,2.452,33.796,74.02,9.3,1145.93,12.887,0.817,0.513,2.354,31.323,73.898,9.667,1005.297,13.43,0.889,0.448,0.040788009,0.0759898,0.001649563,-0.038703623,0.130933514,-0.041271959,-0.084458141,0.135482613
SAM010,5207.955,-0.103334542,5774.905,32.7306342,0.031040724,31.73025815,1.822,18.459,74.686,3.25,577.387,12.793,0.818,0.487,1.552,18.54,96.11,5.15,724.89,13.166,0.79,0.4,0.160390377,-0.004378504,-0.252200711,-0.460341718,-0.227507167,-0.028739603,0.034829391,0.196799576
SAM011,3128.01,-0.713386876,6383.93,31.36180422,-0.010881966,31.70494594,2.557,36.011,107.655,11.133,1365.096,11.984,0.756,0.452,2.469,37.615,131.634,11.65,2011.522,12.898,0.576,0.249,0.035021486,-0.04357846,-0.201093675,-0.045392509,-0.387666894,-0.073499834,0.271933715,0.596229283
SAM012,6988.815,-0.028008044,7187.325,35.07029464,0.195258494,28.84959548,2.395,22.782,90.686,3.367,754.203,12.885,0.798,0.393,2.184,22.696,105.565,4.767,917.587,13.333,0.75,0.362,0.092225173,0.003782053,-0.151923887,-0.347695036,-0.196085836,-0.034178321,0.062035391,0.0821654
SAM013,4903.705,-0.33915654,6883.64,31.28421707,-0.137952604,35.91181419,2.051,20.231,82.321,2.933,951.321,13.558,0.851,0.464,2.047,19.051,106.606,3.5,1204.899,14.162,0.691,0.373,0.001952172,0.060096488,-0.258513556,-0.176737179,-0.23629948,-0.043585542,0.208272305,0.218306133
SAM014,5655.56,-0.629537579,10614.03,31.81089987,-0.062014044,33.84607493,2.496,42.23,105.927,8.6,1357.949,13.074,0.691,0.359,2.187,32.462,98.239,5.333,859.576,13.151,0.773,0.404,0.132158709,0.263060694,0.075346892,0.477848272,0.457291508,-0.005872276,-0.112139225,-0.118092489
SAM015,5837.775,0.283052055,4398.65,29.99180183,-0.070120046,32.17031451,2.117,32.171,64.988,5.1,726.067,12.918,0.773,0.468,1.717,30.335,83.11,5.15,557.349,13.28,0.87,0.466,0.20942141,0.058763264,-0.245962394,-0.009756175,0.264450682,-0.027637456,-0.118214163,0.004282662
SAM016,5829.34,-0.426154202,8926.8,30.13794913,-0.015435071,30.6067391,1.781,50.378,98.988,4.567,1439.714,13.034,0.79,0.354,1.768,30.068,79.645,2.15,601.148,13.477,0.778,0.489,0.00732604,0.516093089,0.217419371,0.753388692,0.873358601,-0.033423201,0.015306421,-0.323065576
SAM017,12142.5,NA,NA,30.50770081,0.098733461,27.63949356,2.464,29.518,81.655,6.633,727.999,12.274,0.843,0.558,2.134,36.096,83.565,7.633,915.391,12.366,0.713,0.268,0.143787893,-0.201181809,-0.023121718,-0.140423762,-0.229051622,-0.007467567,0.167485538,0.733371982
SAM018,NA,NA,12323.65,35.13871111,-0.063705189,37.45007051,2.685,45.438,128.884,9.15,1836.944,13.111,0.622,0.349,2.622,35.844,132.451,10.45,2585.128,13.182,0.51,0.176,0.023743343,0.23717257,-0.027299991,-0.132848099,-0.341671702,-0.00540069,0.198529367,0.684587927
SAM020,5546.87,NA,NA,33.98567547,0.01465107,33.49137879,2.568,33.686,122.209,8.5,1419.491,12.197,0.68,0.322,2.654,34.807,95.198,11.467,1388.531,13.217,0.813,0.461,-0.03294055,-0.032736195,0.249773761,-0.299407182,0.022052003,-0.08031386,-0.178638311,-0.358846497
SAM021,NA,NA,5321.47,22.35234147,-0.00179335,22.39246302,2.618,50.036,107.686,11.1,1724.277,12.412,0.801,0.37,2.303,57.318,128.606,9.867,2258.158,13.192,0.593,0.248,0.128198047,-0.135871964,-0.177533882,0.117749252,-0.269741605,-0.060946839,0.300666548,0.400074259
SAM022,5182.905,-0.367983437,7488.355,38.61779187,0.041741865,37.03899344,2.224,52.694,95.655,5.8,1184.709,12.713,0.773,0.433,1.948,40.757,109.531,5.833,1291.69,13.353,0.754,0.417,0.132504171,0.256873993,-0.135459646,-0.00567353,-0.086454264,-0.049115987,0.024886681,0.037651506
SAM023,7266.38,-0.342359561,10233,37.05154249,0.078548975,34.25254979,1.775,27.588,120.884,5.7,1255.303,12.253,0.633,0.317,1.827,38.44,127.06,6.15,1305.157,13.272,0.672,0.294,-0.028874854,-0.331717689,-0.049828008,-0.075985907,-0.038946362,-0.079885748,-0.059787918,0.075322007
SAM024,6037.77,0.061075583,5680.045,30.5406634,0.054022029,28.93456765,2.192,46.134,144.209,5.6,2738.786,12.29,0.403,0.192,1.837,38.189,123.451,5.35,1497.478,13.389,0.614,0.294,0.176680563,0.189002689,0.15541932,0.045670037,0.603732397,-0.085647551,-0.421058366,-0.426084395
SAM025,7136.385,0.10584742,6419.62,39.48806238,-0.01719137,40.17278506,NA,NA,NA,NA,NA,NA,NA,NA,NA,NA,NA,NA,NA,NA,NA,NA,NA,NA,NA,NA,NA,NA,NA,NA
SAM026,7054.89,-0.03330505,7293.81,24.17941777,-0.051234011,25.45050988,2.286,21.185,118.927,2.35,872.847,13.201,0.85,0.456,2.243,31.064,102.606,7.733,1381.724,13.136,0.69,0.315,0.01898931,-0.382756208,0.147613449,-1.191081557,-0.459326991,0.004936032,0.208544752,0.369920171
SAM027,4875.94,-0.346018667,6891.795,21.21309212,0.102768328,19.14133659,2.78,43.441,81.375,5.4,773.034,12.47,0.764,0.476,2.904,35.926,108.565,13.033,1354.797,12.294,0.597,0.353,-0.043638169,0.189942428,-0.288280971,-0.881085649,-0.561083874,0.014214421,0.246650676,0.298949797
SAM029,3167.74,-0.516924598,5311.865,15.56976549,-0.105366315,17.29983976,2.498,56.336,98.02,7.967,1010.747,13.203,0.74,0.422,2.75,36.338,108.56,9.35,910.462,12.881,0.761,0.361,-0.0961105,0.438469737,-0.102131476,-0.160068333,0.104492777,0.024690719,-0.027983172,0.156127356
SAM030,3777.74,-0.128095081,4294.01,27.67628579,-0.00771147,27.89053567,1.995,14.406,41.209,4.5,616.55,12.99,0.912,0.826,2.111,20.507,81.865,4.967,832.857,13.818,0.828,0.466,-0.056517719,-0.353121505,-0.68641487,-0.098738639,-0.300722536,-0.061792259,0.096626836,0.572409139
SAM031,5569.91,-0.116182887,6256.13,30.21541098,0.017054218,29.70447992,2.421,31.504,84.988,7.167,1209.438,13.702,0.803,0.553,2.188,26.07,106.565,7.6,1334.675,13.102,0.637,0.392,0.101192793,0.189329294,-0.226245058,-0.05866109,-0.098532028,0.044776917,0.231585058,0.344096162
SAM032,6115.29,0.02711782,5951.685,33.08876507,-0.02015426,33.76241026,2.085,36.081,113.991,9.633,906.313,12.503,0.571,0.38,2.044,31.777,99.198,8.667,1280.882,13.216,0.74,0.401,0.019860183,0.127023653,0.139001645,0.105671994,-0.345919461,-0.055459601,-0.259260977,-0.053790175
SAM033,NA,NA,13753.45,28.47168103,0.074090978,26.43843884,2.595,51.926,114.02,11.733,1733.551,12.87,0.672,0.343,2.204,36.174,127.865,9.567,1955.233,13.154,0.658,0.26,0.163312625,0.361478999,-0.114601148,0.204085708,-0.120337462,-0.021826873,0.021053409,0.277048816
SAM034,8526.715,-0.011322227,8623.805,44.01868737,0.016098655,43.31571931,1.857,35.901,101.655,5.2,1157.045,14.161,0.804,0.33,1.638,24.376,97.232,4.5,923.763,13.4,0.76,0.399,0.125486297,0.387166109,0.044484852,0.144581229,0.225169075,0.055237,0.056280836,-0.189868762
SAM035,5888.965,-0.24181876,7499.97,32.29611058,0.026008829,31.46695598,2.457,46.528,89.655,7.1,1330.493,13.195,0.815,0.484,2.607,29.528,106.273,10.667,1841.298,12.959,0.608,0.303,-0.059259041,0.454715316,-0.170042284,-0.40706008,-0.324921207,0.018047443,0.293013231,0.468352101
SAM036,NA,NA,7374.23,28.88035167,-0.090304995,31.60977745,2.128,39.275,105.017,9.1,1401.563,12.777,0.609,0.324,2.124,29.074,98.531,6.967,944.895,12.698,0.658,0.329,0.001881468,0.30074388,0.063751022,0.267089697,0.394269511,0.006202179,-0.077386664,-0.015314235
SAM037,8394.095,0.094667673,7635.9,26.6075142,-0.028570227,27.37866039,2.378,54.205,105.35,10.767,1809.579,12.934,0.664,0.368,2.287,37.048,116.273,8.1,1611.867,13.228,0.689,0.261,0.039018883,0.380558786,-0.098652734,0.284621839,0.115701087,-0.022476292,-0.036959122,0.343562531
SAM038,9100.43,0.080039365,8400.425,32.59208943,-0.07773419,35.22668151,2.475,53.446,61.353,7.867,1200.967,11.855,0.851,0.591,2.528,43.117,119.198,9.933,1891.648,12.936,0.647,0.29,-0.02118808,0.214754447,-0.664141906,-0.233185752,-0.454321341,-0.087264403,0.274065834,0.711935094
SAM039,NA,NA,4206.02,32.58181071,0.064412879,30.54928556,2.515,52.586,122.02,9.8,1799.948,12.548,0.72,0.376,2.354,20.09,107.565,7.7,913.955,12.647,0.594,0.241,0.066156795,0.962227746,0.12608965,0.241162057,0.677731718,-0.007858743,0.192371893,0.44479221
SAM040,4047.835,-0.664483185,7866.91,27.15730896,-0.088910714,29.68247874,NA,NA,NA,NA,NA,NA,NA,NA,NA,NA,NA,NA,NA,NA,NA,NA,NA,NA,NA,NA,NA,NA,NA,NA
SAM041,7146.21,-0.544112045,12313.475,33.11936187,-0.009807101,33.4457647,2.187,41.031,113.384,8.05,1626.845,12.284,0.636,0.466,2.048,32.38,123.531,9.467,1732.11,13.01,0.634,0.252,0.065667035,0.23678693,-0.085711849,-0.162139976,-0.062697762,-0.05742069,0.003149609,0.614756547
SAM042,5601.545,-0.458117104,8856.57,30.75170291,-0.123934956,34.80915154,NA,NA,NA,NA,NA,NA,NA,NA,NA,NA,NA,NA,NA,NA,NA,NA,NA,NA,NA,NA,NA,NA,NA,NA
SAM043,9257.73,-0.676020407,18201.05,24.80492047,0.116511088,22.07688097,2.531,46.321,114.988,8.233,1404.921,12.945,0.662,0.336,2.227,49.564,115.451,9.4,1448.702,13.155,0.713,0.24,0.127959093,-0.067669342,-0.004018422,-0.132559221,-0.03068691,-0.016092301,-0.074215864,0.336472237
SAM044,6030.405,-1.030484656,16899.75,34.05446098,0.012364088,33.63600089,NA,NA,NA,NA,NA,NA,NA,NA,NA,NA,NA,NA,NA,NA,NA,NA,NA,NA,NA,NA,NA,NA,NA,NA
SAM045,7201.355,-0.044123057,7526.215,34.43057796,-0.038573117,35.78461961,3.004,45.041,173.988,13.567,2665.874,12.97,0.575,0.221,2.091,41.26,109.565,5.8,1299.056,13.444,0.693,0.263,0.362302313,0.087679678,0.462468351,0.849782456,0.718894112,-0.035893912,-0.186659958,-0.173991331
SAM047,6040.77,-0.899394301,14848.9,40.05652995,0.043250311,38.3610029,2.838,41.841,135.658,13.267,3225.109,13.173,0.573,0.322,2.527,24.542,100.906,10.533,1259.804,12.55,0.764,0.417,0.11606675,0.533490784,0.295947622,0.230766563,0.940010595,0.048448615,-0.287682072,-0.258534676
SAM048,9236.29,0.173051609,7768.59,33.0318154,0.067689632,30.86989904,2.444,60.618,112.655,15.933,2702.236,12.605,0.422,0.246,2.451,55.553,130.232,10.9,2409.226,13.283,0.618,0.174,-0.002860063,0.087254359,-0.144987424,0.379629641,0.114774044,-0.052391462,-0.381483143,0.346276237
SAM049,8715.25,-0.149162581,10117.2,35.23890293,-0.030948983,36.3465632,2.722,42.279,72.709,12.9,1548.12,12.733,0.589,0.41,2.067,38.881,119.939,6.967,1789.092,13.446,0.662,0.261,0.275268624,0.083784809,-0.500518107,0.616042595,-0.144666937,-0.054484615,-0.116839372,0.451636752
SAM050,5425.695,-0.217752592,6745.655,33.01023963,0.017988914,32.42173048,2.35,31.798,86.884,6.7,1406.904,12.45,0.543,0.436,2.211,30.92,112.865,9.567,2134.737,13.21,0.659,0.347,0.060970426,0.028000171,-0.261618519,-0.35621215,-0.416951909,-0.059253496,-0.193614215,0.228317463
SAM051,10359.21,-0.696064476,20778.95,32.3441473,-0.086735727,35.27479949,NA,NA,NA,NA,NA,NA,NA,NA,NA,NA,NA,NA,NA,NA,NA,NA,NA,NA,NA,NA,NA,NA,NA,NA
SAM052,4981.145,-0.701567019,10046.525,23.50227171,0.570983869,13.27806222,2.405,43.586,63.02,7.967,699.45,12.564,0.792,0.564,2.291,38.213,135.232,10.1,1661.567,12.975,0.644,0.286,0.0485615,0.131560226,-0.763539686,-0.237227413,-0.8652221,-0.032188847,0.206862666,0.679062441
SAM053,7781.54,-0.334997332,10878.1,37.54425209,-0.023716113,38.44529826,2.685,47.624,62.991,6.467,1103.181,13.061,0.83,0.553,2.271,38.76,91.531,9.167,1937.232,12.996,0.647,0.334,0.167460465,0.205948049,-0.373685854,-0.348897757,-0.563062325,0.004989073,0.249079406,0.504217009
SAM054,4985.835,-0.695980201,9999.96,38.75773941,-0.053474483,40.88670484,2.192,35.306,117.02,11.833,1995.455,13.011,0.676,0.206,1.884,27.611,116.083,10.15,1321.106,12.698,0.715,0.409,0.151417193,0.245838677,0.008039408,0.153418533,0.41240283,0.024350653,-0.056089467,-0.685838987
SAM055,NA,NA,4462.68,32.80574928,-0.035388483,33.98748152,1.938,28.771,88.658,5.267,640.696,12.314,0.822,0.449,1.907,17.405,89.56,2.5,519.118,12.748,0.716,0.501,0.016125187,0.502610414,-0.010122521,0.745170209,0.210423868,-0.03463757,0.138060228,-0.109583213
SAM056,NA,NA,5429.24,27.74702984,-0.00912901,28.00149247,2.415,35.596,83.686,4.7,721.649,12.529,0.715,0.505,2.064,34.88,94.198,6.433,1262.514,13.205,0.687,0.403,0.157053439,0.020319673,-0.11832725,-0.313878484,-0.559321379,-0.052549588,0.03994825,0.225621867
SAM057,5894.39,0.432263515,3825.685,39.46214791,-0.000139126,39.46763849,2.025,46.532,80.353,4,1168.388,13.434,0.597,0.367,1.903,45.768,126.239,6.833,1265.526,12.918,0.664,0.372,0.062138112,0.016555091,-0.451747508,-0.535469455,-0.079862825,0.039167119,-0.106365036,-0.013532006
SAM058,NA,NA,9625.895,37.32049711,0.157548182,31.88049926,2.328,48.416,95.02,12.467,1982.096,13.229,0.706,0.45,2.144,34.44,103.565,6.5,1241.555,13.331,0.765,0.396,0.082336287,0.340611658,-0.086112039,0.651282976,0.467790244,-0.007680761,-0.080260596,0.127833372
SAM059,8311,-0.618885693,15432.345,41.56324197,-0.017736513,42.30700533,2.491,49.244,93.988,14.6,1443.575,12.938,0.824,0.339,2.391,34.424,102.198,8.333,1063.52,13.122,0.803,0.459,0.040972548,0.358033537,-0.083744994,0.560797993,0.305538515,-0.014121493,0.025815816,-0.303050103
SAM060,4759.605,-0.42471821,7278.195,19.85656313,0.022329705,19.41808568,1.972,13.239,121.353,6.333,954.252,12.866,0.698,0.38,1.837,17.918,103.606,5.133,869.608,13.217,0.759,0.325,0.07091445,-0.302638775,0.158108411,0.210083774,0.092885252,-0.026915707,-0.083782675,0.15634607
SAM061,9885.255,-0.219157673,12307.415,37.80900142,-0.024321601,38.73985084,2.565,43.941,98.384,13.9,2128.916,12.793,0.613,0.36,2.478,49.967,145.198,9.9,2082.669,13.033,0.597,0.289,0.034506695,-0.128514963,-0.389220139,0.339354083,0.021962686,-0.018586456,0.026447823,0.219677343
SAM062,10853.2,-0.656255232,20920.2,38.23156377,0.011239824,37.80425367,2.642,33.912,84.02,6.067,1267.909,12.472,0.763,0.447,2.607,57.118,137.239,11.167,2540.464,12.987,0.549,0.263,0.013336071,-0.521350369,-0.490669066,-0.610098752,-0.694977655,-0.040462725,0.32915959,0.530404562
SAM063,7816.745,-0.459793846,12379.75,34.13751671,-0.066865049,36.49816644,2.554,47.334,112.321,10.933,2003.78,12.89,0.599,0.33,2.447,31.925,124.239,11.033,2101.626,13.057,0.562,0.321,0.042797973,0.393839451,-0.100846286,-0.009105043,-0.047675934,-0.012872571,0.063759748,0.027651531
SAM064,9831.815,0.39596786,6617.09,27.66738052,0.052471366,26.25306527,NA,NA,NA,NA,NA,NA,NA,NA,NA,NA,NA,NA,NA,NA,NA,NA,NA,NA,NA,NA,NA,NA,NA,NA
SAM065,3366.605,-1.060870133,9725.73,25.93230307,0.003936544,25.83042009,2.211,59.364,119.988,7.367,1984.088,13.259,0.734,0.338,2.198,34.266,118.898,10.033,1719.7,13.17,0.733,0.323,0.005897046,0.549534373,0.009125755,-0.308869092,0.143009506,0.006735051,0.001363327,0.045393572
SAM066,8285.19,-1.084542252,24508.3,37.08452901,0.041285673,35.58464418,2.644,58.579,123.683,7.1,1553.465,12.96,0.673,0.436,2.528,33.64,89.865,8.133,1572.61,13.364,0.774,0.35,0.044864446,0.554660435,0.319413296,-0.135835075,-0.01224874,-0.030696834,-0.139826544,0.219709089
SAM067,6369.5,-0.520494562,10718.975,31.40653164,0.087173144,28.78466389,1.951,46.262,88.017,5.5,936.852,13.214,0.754,0.409,2.043,39.078,111.239,8.767,1070.652,12.718,0.621,0.338,-0.046077254,0.168761241,-0.234151062,-0.46624658,-0.133497769,0.038258561,0.194061286,0.190669261
SAM068,13409.45,0.019684322,13148.075,22.984738,-0.176518046,27.42207857,NA,NA,NA,NA,NA,NA,NA,NA,NA,NA,NA,NA,NA,NA,NA,NA,NA,NA,NA,NA,NA,NA,NA,NA
SAM069,5415.175,-0.129401472,6163.265,29.95008673,0.066231643,28.0307067,2.644,52.885,94.017,10.933,1681.916,12.28,0.594,0.378,2.56,46.815,122.572,17.067,2524.708,12.612,0.495,0.22,0.032285663,0.12191608,-0.265222995,-0.445361036,-0.406191793,-0.026676819,0.182321557,0.541266649
SAM070,4273.285,-1.167546265,13734.75,20.06170605,-0.032709091,20.72875604,2.362,64.362,116.353,8.767,1949.19,13.322,0.684,0.324,2.553,41.465,126.572,10.833,1732.856,12.745,0.593,0.25,-0.07776042,0.439673699,-0.084182643,-0.211602358,0.117642987,0.044277766,0.142763519,0.259282598
SAM072,7957.91,-0.005729411,8003.635,24.88985423,0.039208963,23.93283335,2.502,40.369,104.02,10,1307.525,12.597,0.677,0.402,2.547,34.752,132.239,12.367,1925.784,12.971,0.691,0.302,-0.017825784,0.149825039,-0.240027703,-0.212446542,-0.38719712,-0.029257406,-0.020468551,0.286025071
SAM073,4444.82,-0.160386312,5218.06,33.25773683,-0.019181937,33.90184249,NA,NA,NA,NA,NA,NA,NA,NA,NA,NA,NA,NA,NA,NA,NA,NA,NA,NA,NA,NA,NA,NA,NA,NA
SAM074,8443.095,0.093810552,7687.06,30.82560786,-0.056026572,32.60195776,2.561,65.241,83.988,14.767,1213.756,12.368,0.732,0.429,2.387,51.125,83.56,12.15,1286.049,12.405,0.622,0.369,0.07036046,0.243814491,0.005108995,0.195065792,-0.057855044,-0.002987125,0.162840421,0.150660275
SAM076,4097.06,-0.338927603,5749.985,16.80965479,0.056039304,15.89356177,2.941,59.424,84.658,7.533,1066.323,13.712,0.893,0.501,2.843,42.348,123.572,8.033,1724.366,13.196,0.65,0.226,0.033889827,0.338776991,-0.378204371,-0.064264688,-0.480643165,0.038357608,0.317614218,0.796071102
SAM077,9487.405,-0.00037253,9490.94,29.30365134,-0.017578705,29.82332581,2.781,73.745,132.683,12.633,2937.269,13.188,0.615,0.284,2.437,67.035,123.906,12.1,3579.239,13.367,0.556,0.149,0.132042801,0.095398325,0.068439611,0.043106985,-0.19766997,-0.013481658,0.100853974,0.645027932
SAM078,4169.61,-0.35958417,5973.94,18.65131347,-0.017822101,18.98669883,NA,NA,NA,NA,NA,NA,NA,NA,NA,NA,NA,NA,NA,NA,NA,NA,NA,NA,NA,NA,NA,NA,NA,NA
SAM080,10313.69,-0.484561874,16743.9,38.21833346,0.022569378,37.36543038,NA,NA,NA,NA,NA,NA,NA,NA,NA,NA,NA,NA,NA,NA,NA,NA,NA,NA,NA,NA,NA,NA,NA,NA
SAM081,NA,NA,4354.08,33.82381026,-0.039151729,35.1743361,2.115,22.851,54.324,5.7,705.444,12.351,0.832,0.697,2.122,15.929,79.951,7.1,654.46,12.502,0.692,0.547,-0.003304228,0.360853533,-0.386447829,-0.219628609,0.075016924,-0.0121516,0.184246485,0.242336608
SAM082,7402.68,0.046010613,7069.795,11.97152897,0.046319542,11.42965968,2.462,49.079,90.709,6.25,1073.9,12.11,0.662,0.338,2.342,36.449,112.451,7.9,1379.058,13.308,0.768,0.375,0.049968763,0.297517222,-0.214860991,-0.234281296,-0.250103776,-0.094333801,-0.148524177,-0.10388013
SAM083,5908.865,-0.475507283,9506.36,31.18108403,0.007060681,30.96169974,2.224,57.494,68.321,8.267,778.915,12.055,0.653,0.708,2.026,65.551,174.013,5.95,1332.113,13.292,0.683,0.42,0.093243971,-0.131147871,-0.934912823,0.328880467,-0.536619757,-0.097682839,-0.04491773,0.522189382
SAM084,10047.91,-0.373954777,14604.35,23.41217637,-0.065911501,25.00729908,NA,NA,NA,NA,NA,NA,NA,NA,NA,NA,NA,NA,NA,NA,NA,NA,NA,NA,NA,NA,NA,NA,NA,NA
SAM088,8339.67,-0.065959779,8908.3,33.43787206,0.034028469,32.31917421,NA,NA,NA,NA,NA,NA,NA,NA,NA,NA,NA,NA,NA,NA,NA,NA,NA,NA,NA,NA,NA,NA,NA,NA
SAM090,7007.065,-0.046332038,7339.355,31.17323517,0.066506744,29.16744342,2.391,77.254,134.321,12.433,2036.549,12.322,0.402,0.399,2.35,49.988,125.939,12.5,2089.091,12.95,0.621,0.334,0.01729636,0.435315718,0.064434795,-0.005374416,-0.025472334,-0.049709506,-0.434878993,0.177820424
SAM091,4265.935,-0.491156117,6971.41,18.00709076,-0.13023066,20.51171675,3.334,81.759,114.683,13.667,2274.945,12.493,0.6,0.277,2.757,19.805,100.11,8.05,1355.283,12.92,0.594,0.289,0.190029652,1.417841464,0.135902219,0.529312077,0.517945588,-0.033608011,0.010050336,-0.042409182
SAM092,9845.295,-0.465392339,15680,15.34684435,-0.295117483,20.61517295,2.266,57.86,110.427,9.5,1088.026,12.942,0.674,0.332,2.093,43.898,114.939,10.033,1857.052,13.523,0.754,0.252,0.079417719,0.276157539,-0.040046884,-0.054587861,-0.534625239,-0.043914103,-0.112162257,0.275705881
SAM095,12492.51,0.474956274,7769.245,20.86442165,0.041693186,20.01240256,3.328,94.971,147.324,17.2,3045.411,12.772,0.432,0.309,2.743,42.815,158.572,11.5,2463.132,12.516,0.563,0.291,0.193319311,0.796683073,-0.073574506,0.402562348,0.212202157,0.020247449,-0.26485404,0.06001801
SAM096,5867.92,-0.422418075,8952.37,38.54588142,-0.058532044,40.86938709,1.925,44.446,135.686,6.567,1676.073,13.494,0.754,0.374,1.782,29.415,106.56,8.35,1232.313,13.042,0.817,0.551,0.077189639,0.412770221,0.241635186,-0.240204432,0.307560666,0.034070223,-0.080246727,-0.387479012
SAM097,NA,NA,5976.225,6.216630287,-0.084651696,6.765794529,2.638,55.026,73.686,9.2,992.631,12.65,0.771,0.569,2.548,49.684,132.865,7.7,1841.564,13.241,0.545,0.243,0.034712317,0.102122851,-0.589520753,0.177983155,-0.618011496,-0.045660861,0.346902579,0.850818991
SAM098,12854.45,-0.319428157,17692.1,27.4123271,0.06877669,25.59037019,2.205,38.306,117.353,7.733,1212.876,12.21,0.608,0.333,2.097,19.86,71.11,3.45,198.267,11.775,0.827,0.578,0.050219757,0.656898883,0.500958513,0.807122655,1.811135071,0.036276648,-0.307629813,-0.551431379
SAM099,2790.37,-0.356245159,3984.53,22.46912069,-0.147613523,26.04316819,2.184,31.838,79.655,5.767,690.84,11.815,0.622,0.316,2.111,31.27,118.898,5.767,1164.241,13.332,0.719,0.339,0.033996289,0.018001373,-0.400561174,0,-0.521916403,-0.12079725,-0.144921265,-0.070257894
SAM100,5053.355,NA,NA,22.61333835,0.08248378,20.82295836,2.388,27.065,93.683,7.133,1433.234,13.451,0.8,0.384,2.41,15.545,98.239,6.8,880.631,12.73,0.755,0.3,-0.009170552,0.554502337,-0.047486543,0.047809291,0.487050012,0.05509204,0.057893978,0.246860078
SAM101,5156.09,-0.264253149,6715.59,24.09735264,-0.15464833,28.12757229,2.012,24.129,99.422,5.15,917.811,12.806,0.755,0.497,2.154,17.006,112.565,4.867,943.512,13.542,0.795,0.37,-0.068197326,0.349848214,-0.124157415,0.056518984,-0.027617596,-0.055882156,-0.051624365,0.29508702
SAM102,6676.295,0.321764181,4839.44,29.6371068,-0.047016609,31.06381986,1.995,30.481,96.658,4.367,934.312,13.193,0.723,0.499,2.043,28.441,126.939,6.467,1548.806,13.341,0.68,0.338,-0.023775265,0.069271773,-0.272527681,-0.392636048,-0.505429161,-0.011155614,0.061316424,0.3895602
SAM103,6305.58,NA,NA,28.57206286,-0.041966217,29.79663998,1.894,37.338,117.321,5.4,1118.446,12.998,0.43,0.279,2.093,16.761,90.606,5.367,737.752,13.636,0.841,0.37,-0.099907449,0.800956816,0.258393332,0.00612986,0.416087776,-0.047917855,-0.670806451,-0.282291224
SAM104,7818.56,-0.388191715,11527,35.0606297,-0.046819303,36.74117803,2.188,58.186,69.353,8.167,1119.728,12.134,0.352,0.496,2.256,22.061,113.013,6.2,1002.037,13.149,0.774,0.372,-0.030605449,0.969833432,-0.488293452,0.275552352,0.111050871,-0.080334281,-0.787940698,0.287682072
SAM105,8470.22,-0.628894325,15886.2,34.83063877,-0.009298868,35.15603484,2.455,48.899,106.02,5.967,1566.524,13.464,0.545,0.391,2.42,26.491,113.606,11.9,1767.216,13.1,0.677,0.409,0.014359221,0.612951894,-0.069108566,-0.690294112,-0.120546275,0.027407227,-0.216885478,-0.045007596
SAM106,5994.3,NA,NA,NA,NA,NA,1.781,44.53,154.427,3.15,915.74,14.178,0.805,0.278,1.941,29.206,139.565,9.9,2207.889,13.501,0.727,0.253,-0.0860283,0.421788952,0.10119105,-1.145132304,-0.880059653,0.048927711,0.1019158,0.094231625
SAM107,5642.24,-0.768536623,12168.1,32.32734266,-0.019498615,32.96386658,2.205,46.404,102.991,6.433,1282.169,13.079,0.73,0.476,2.437,41.175,126.06,10,2734.877,13.215,0.539,0.173,-0.100040266,0.119554386,-0.202116378,-0.441144101,-0.757533287,-0.010344658,0.303328963,1.01212626
SAM108,7458.26,-0.18514029,8975.175,25.01655377,0.03273585,24.21087486,NA,NA,NA,NA,NA,NA,NA,NA,NA,NA,NA,NA,NA,NA,NA,NA,NA,NA,NA,NA,NA,NA,NA,NA
SAM109,7182.8,-0.055171297,7590.22,25.55848086,5.15E-05,25.55716466,2.014,35.979,91.683,8.467,1092.454,12.549,0.694,0.399,2.128,32.677,105.531,6.2,1767.802,13.68,0.735,0.339,-0.055059777,0.096263968,-0.140667774,0.311626963,-0.481310425,-0.086293931,-0.057398539,0.16296131
SAM110,11560.5,-0.445069459,18041.3,19.31312998,-0.037205567,20.04522041,2.964,66.974,114.988,28.433,2121.642,13.007,0.915,0.356,2.502,48.295,134.06,11.1,2737.807,13.072,0.513,0.225,0.169449295,0.326976449,-0.153459686,0.940605334,-0.254966918,-0.004984864,0.57864822,0.458830329
SAM111,4203.775,-0.844794085,9784.28,18.87109667,0.026666698,18.37451732,NA,NA,NA,NA,NA,NA,NA,NA,NA,NA,NA,NA,NA,NA,NA,NA,NA,NA,NA,NA,NA,NA,NA,NA
SAM112,8626.155,-1.200022933,28640.5,16.80389379,-0.117840043,18.90545824,3.101,75.665,121.683,8.9,3736.426,13.763,0.756,0.342,2.894,41.194,139.198,14.133,4141.633,13.251,0.484,0.201,0.069085012,0.608023087,-0.134478078,-0.462461212,-0.102960615,0.037910811,0.445956469,0.531505829
SAM113,NA,NA,NA,NA,NA,14.50911992,2.332,54.772,68.02,8.067,740.283,12.082,0.744,0.649,2.33,43.598,108.906,11.367,2325.775,13.157,0.663,0.344,0.000858001,0.228167837,-0.470683345,-0.342932755,-1.14477605,-0.085237195,0.115266045,0.634791059
SAM114,8599.235,0.300974496,6364.265,NA,NA,28.26684697,2.698,43.505,118.683,10.167,1908.687,12.681,0.534,0.421,2.744,39.03,102.198,4.8,1451.584,13.416,0.607,0.388,-0.016905952,0.108545293,0.149543965,0.750531263,0.273760197,-0.056343214,-0.128132952,0.081627494
SAM115,5494.73,-0.838729445,12711.65,33.92302295,-0.043258051,35.42266884,2.178,44.922,111.017,7.133,1929.634,13.341,0.756,0.353,1.983,23.808,91.572,4.233,721.897,13.226,0.695,0.346,0.093796175,0.634905994,0.192557795,0.521820942,0.983203157,0.008657411,0.084129531,0.020029282
SAM116,NA,NA,10539.855,27.30934256,0.02967525,26.5108375,2.615,41.394,119.991,8.65,1522.351,11.427,0.678,0.398,2.452,31.239,143.451,6.4,1858.149,13.475,0.6,0.256,0.064360079,0.281468629,-0.178576774,0.301261331,-0.19932498,-0.164857141,0.122217633,0.441274561
SAM117,5436.415,0.341630452,3863.175,31.55004892,-0.013044597,31.96430262,2.255,32.848,120.384,3.35,960.979,12.688,0.475,0.362,2.057,29.67,94.56,4.75,851.782,13.424,0.818,0.431,0.091901362,0.101754426,0.24145208,-0.349184272,0.120621931,-0.056387485,-0.543547533,-0.174463878
SAM119,7334.695,0.625613876,3923.57,27.57257319,-0.045357471,28.85199162,1.99,15.783,97.884,8.3,686.209,11.994,0.578,0.364,1.737,10.695,100.572,4.4,529.791,13.919,0.887,0.472,0.135975151,0.389157069,-0.027090785,0.634650974,0.258699657,-0.148848288,-0.428271114,-0.259825118
SAM121,4159.35,-0.3328275,5801.905,25.22333003,0.013102638,24.89499359,1.965,64.198,57.324,6.1,561.9,12.057,0.702,0.673,1.94,29.908,71.939,4.4,535.021,13.656,0.872,0.539,0.012804272,0.763846054,-0.227099154,0.32668423,0.0490179,-0.124533581,-0.21685602,0.222029759
SAM122,NA,NA,7677.56,29.48774428,-0.052960873,31.09153519,2.181,22.621,123.658,10.867,1182.981,11.901,0.672,0.422,2.22,14.794,92.939,6.233,787.381,13.415,0.872,0.502,-0.017723709,0.424656985,0.285576327,0.555872916,0.407080555,-0.119751054,-0.260531083,-0.173594806
SAM123,7954.335,-0.155329127,9291,31.32741256,0.043298157,29.99993928,NA,NA,NA,NA,NA,NA,NA,NA,NA,NA,NA,NA,NA,NA,NA,NA,NA,NA,NA,NA,NA,NA,NA,NA
SAM124,7484.53,-0.433251365,11543.12,34.14448152,0.004438896,33.99325361,NA,NA,NA,NA,NA,NA,NA,NA,NA,NA,NA,NA,NA,NA,NA,NA,NA,NA,NA,NA,NA,NA,NA,NA
SAM126,5813.455,NA,NA,31.04282842,-0.015496888,31.52764251,2.741,42.631,95.991,11.333,1848.059,12.36,0.635,0.52,2.774,24.22,107.898,7.767,1210.259,12.912,0.702,0.295,-0.011967505,0.56540295,-0.116931899,0.377834834,0.423301513,-0.043691659,-0.100308405,0.566853455
SAM129,6134.17,-0.023570835,6280.475,25.73630533,0.298082553,19.10251688,3.285,51.942,102.353,5.233,1090.269,13.584,0.782,0.408,2.658,40.063,129.565,13.033,1878.579,12.763,0.566,0.253,0.211792692,0.259674496,-0.235755063,-0.912499875,-0.544091185,0.06234227,0.323260662,0.477877686
SAM130,6851.32,-0.696401107,13747.3,35.47421388,0.061668006,33.35267761,2.451,38.998,111.321,7.467,1366.31,12.178,0.587,0.385,2.574,45.12,132.232,10.167,1270.478,12.767,0.738,0.348,-0.048965005,-0.145815244,-0.172140036,-0.308653869,0.072720468,-0.047232672,-0.228919005,0.101040855
SAM131,4824.375,-0.075881831,5204.705,26.35219685,-0.087793475,28.77034355,2.174,50.468,103.655,4.767,1155.108,13.248,0.625,0.373,2.157,32.534,108.939,8.367,1126.61,12.687,0.631,0.35,0.007850421,0.439053776,-0.049720016,-0.562578221,0.024980722,0.04326875,-0.009554213,0.063645265
SAM132,2644.64,-1.029754857,7405.995,25.2370855,0.036379229,24.3354791,2.635,56.789,108.353,9,1769.98,12.879,0.704,0.333,2.284,39.037,135.531,8.467,1601.349,13.53,0.762,0.265,0.14295489,0.374832731,-0.223805981,0.061048323,0.100121848,-0.049311364,-0.0791682,0.228412664
SAM133,6472.655,-0.62090135,12043.05,37.99631133,0.013408169,37.49025064,2.561,49.35,109.427,12.4,1142.526,12.713,0.753,0.451,2.662,37.1,136.06,14.85,2845.348,12.835,0.532,0.171,-0.038679913,0.285320796,-0.217838305,-0.180303393,-0.912443779,-0.009550722,0.347421738,0.969803783
SAM134,10800.285,-0.394827059,16029,14.56602608,0.393640207,9.826193532,2.841,58.304,114.215,13,2953.708,13.353,0.475,0.443,2.803,35.528,113.013,10.45,1699.501,12.991,0.69,0.288,0.013465831,0.495349584,0.010579781,0.218347379,0.552726652,0.027484269,-0.373376794,0.43060929
SAM135,6249.455,-0.757372825,13328,33.73552756,-0.004647254,33.89266999,3.097,96.044,110.988,18.667,3096.017,12.769,0.617,0.345,2.498,67.947,109.198,14.667,2537.972,12.864,0.581,0.287,0.214943489,0.34607843,0.016259339,0.241157187,0.19875111,-0.007412354,0.060118267,0.184062201
SAM136,5388.19,-0.368589617,7789.675,29.51321368,-0.045148279,30.8762217,NA,NA,NA,NA,NA,NA,NA,NA,NA,NA,NA,NA,NA,NA,NA,NA,NA,NA,NA,NA,NA,NA,NA,NA
SAM137,6085.995,-0.183771377,7313.79,32.68213534,0.001171187,32.64388087,2.408,56.652,93.02,4.933,1446.37,13.908,0.633,0.424,2.311,35.703,120.898,5.733,1392.64,13.589,0.766,0.374,0.041116196,0.461692572,-0.262132691,-0.150291632,0.037855743,0.023203572,-0.190711748,0.125477658
SAM138,6804.87,-0.320319502,9374.17,32.02139408,0.10667727,28.78133175,2.417,71.261,109.988,5.35,1408.355,13.352,0.527,0.368,2.218,68.24,112.232,6.533,1829.474,13.442,0.567,0.267,0.085921213,0.04331829,-0.020196888,-0.199769695,-0.261606137,-0.006717947,-0.073158755,0.32083428
SAM139,NA,NA,9836.415,36.41039739,0.168412019,30.76698985,2.561,48.005,72.35,6.467,1282.51,12.678,0.756,0.418,2.764,30.6,112.865,9.233,1562.997,13.11,0.713,0.293,-0.076281099,0.450305163,-0.444676961,-0.3560717,-0.197786037,-0.03350709,0.058559956,0.355308824
SAM140,5130.76,-0.879515008,12363.75,29.39050556,-0.018102506,29.9273922,2.091,57.621,130.655,10.233,2031.879,12.738,0.651,0.287,1.753,26.948,111.939,7.833,903.672,12.931,0.767,0.361,0.176313815,0.759978001,0.154606181,0.267272214,0.810249797,-0.015037877,-0.163977159,-0.229395743
SAM141,NA,NA,NA,30.91403638,-0.000171393,30.91933529,2.709,49.359,112.345,12.367,2333.057,12.465,0.636,0.347,2.41,24.155,125.761,11.133,2041.31,12.912,0.601,0.291,0.116952816,0.714628722,-0.112808786,0.105117964,0.133587666,-0.035232395,0.056603629,0.176001513
SAM142,4387.94,-0.465808796,6991.315,35.7687906,-0.047162409,37.49614589,2.715,37.988,76.647,4.067,1151.96,12.97,0.629,0.365,2.102,39.68,118.435,5.033,1625.422,13.539,0.658,0.272,0.255902681,-0.043576962,-0.435153821,-0.213110601,-0.344302635,-0.042935411,-0.045073675,0.294095287
SAM143,10810.35,-0.326785904,14988.6,31.13139934,-0.008244398,31.38911992,2.789,50.239,52.679,10.8,1329.828,12.161,0.526,0.552,2.319,14.22,77.802,8.533,1054.994,12.638,0.748,0.486,0.18454705,1.262142193,-0.389950244,0.235605135,0.231514531,-0.038474038,-0.352101765,0.127339422
SAM144,5646.77,0.232235508,4476.53,30.22275579,-0.053857084,31.89509472,NA,NA,NA,NA,NA,NA,NA,NA,NA,NA,NA,NA,NA,NA,NA,NA,NA,NA,NA,NA,NA,NA,NA,NA
SAM145,11148.05,-0.648118306,21314.4,34.24351401,-0.036367852,35.51179969,2.885,46.568,130.98,6.4,2190.484,12.427,0.682,0.358,2.501,26.353,109.353,12.55,1759.387,12.73,0.67,0.404,0.142834248,0.569331489,0.180463458,-0.673422675,0.219157071,-0.024089888,0.017751945,-0.120881892
SAM146,6606.425,-0.240975046,8406.605,26.52080703,0.082687232,24.41609055,2.609,55.531,105.317,18.333,2559.515,12.873,0.645,0.381,2.429,60.844,108.807,12.4,2018.74,13.061,0.667,0.228,0.071487356,-0.091371788,-0.032600821,0.391006242,0.237344233,-0.014498596,-0.033539729,0.513453746
SAM147,8776.63,-0.762293478,18809.95,26.20111681,-0.036420856,27.17297444,2.802,57.724,121.98,12,2253.894,13.289,0.652,0.333,2.729,46.394,136.807,15.5,2180.011,12.548,0.501,0.141,0.026398206,0.218502891,-0.114714077,-0.255933374,0.033329464,0.057375335,0.263438461,0.8593826
SAM148,9471.16,0.301671467,7004.69,36.2012891,0.169046234,30.57089751,2.589,78.851,93.65,7.567,1477.691,12.658,0.812,0.449,2.346,53.876,101.135,7.633,1485.196,13.24,0.764,0.477,0.098559951,0.380874886,-0.076891829,-0.008684265,-0.005066016,-0.044953124,0.060932551,-0.060493603
SAM149,4356.82,-0.698156624,8757.4,31.55189952,0.008079469,31.29800397,2.279,22.262,112.012,5.8,988.445,13.575,0.826,0.334,2.163,27.479,117.061,8.367,1774.405,12.975,0.535,0.227,0.052240603,-0.210540888,-0.044089158,-0.36643748,-0.585087433,0.045205437,0.434328027,0.386190975
SAM150,5484.87,-0.40968661,8262.11,30.53432683,0.136739389,26.63196356,2.133,30.096,99.012,4.75,1050.078,12.809,0.666,0.358,2.416,18.274,143.768,9,1719.183,12.977,0.596,0.224,-0.124583841,0.498912988,-0.372959834,-0.639079959,-0.492984731,-0.013030511,0.111049003,0.468886935
SAM151,NA,NA,16523.25,33.2597171,0.0919244,30.33865276,2.078,27.108,86.98,3.433,855.481,14.419,0.93,0.406,2.406,45.43,91.768,9,1534.137,13.33,0.803,0.381,-0.146559725,-0.516343792,-0.053585446,-0.963790063,-0.584059403,0.078529647,0.146829872,0.063553784
SAM152,6719.8,-0.032146115,6939.325,36.18175104,0.062902205,33.97594152,2.655,24.781,78.873,6.9,674.551,11.754,0.825,0.493,2.44,60.612,79.061,6.767,1036.59,13.021,0.77,0.469,0.084446615,-0.894415663,-0.002380742,0.019463554,-0.429644474,-0.102369831,0.068992871,0.049906406
SAM153,6156.025,-0.540000838,10563.79,28.99675172,0.043087004,27.7739022,2.789,33.252,114.422,12.25,1786.654,12.445,0.597,0.371,2.432,34.916,131.469,13,2051.587,13.077,0.714,0.287,0.136969145,-0.048830261,-0.138877714,-0.05942342,-0.138269043,-0.049536026,-0.178965849,0.256719847
SAM154,4253.86,-0.76641384,9154.455,36.49555591,-0.086259803,39.7834223,1.826,27.171,88.879,4.3,1123.7,13.225,0.719,0.496,1.899,27.38,113.435,3.033,811.45,13.106,0.659,0.334,-0.03919965,-0.007662592,-0.243954092,0.349062794,0.32555932,0.009038837,0.087137823,0.395434934
SAM155,4075.95,-0.491083201,6660.45,35.0085304,-0.014783844,35.52993572,NA,NA,NA,NA,NA,NA,NA,NA,NA,NA,NA,NA,NA,NA,NA,NA,NA,NA,NA,NA,NA,NA,NA,NA
SAM156,10432.12,0.315961302,7605.93,27.08568621,0.016189935,26.6507014,2.943,27.736,111.345,13.333,1847.434,12.968,0.735,0.404,2.631,32.238,121.853,10.2,2363.003,13.099,0.603,0.326,0.112065467,-0.150414673,-0.090181911,0.267854445,-0.246135619,-0.010051107,0.197953302,0.214517497
SAM157,7763.985,-0.264596399,10115.735,27.33518954,0.012896956,26.9849124,2.899,56.651,116.65,14.933,2905.976,13.075,0.656,0.339,2.523,39.712,103.094,18.267,2889.555,12.825,0.596,0.289,0.13891718,0.355256231,0.123536805,-0.201522624,0.005666795,0.019305619,0.095920122,0.159573419
SAM158,8108.145,-0.369233661,11729.45,32.17371329,0.026353238,31.3369065,2.752,54.271,158.647,12.667,2451.497,13.003,0.561,0.224,2.234,41.495,142.634,6.05,1236.007,13.081,0.59,0.203,0.208534219,0.268417076,0.1063997,0.738941914,0.684812836,-0.005980696,-0.050401631,0.098440073
SAM159,NA,NA,15499.45,32.46561002,0.200902672,26.55661061,2.202,31.896,91.009,5,897.285,13.265,0.893,0.431,2.28,40.472,82.745,7.05,1465.56,13.091,0.706,0.476,-0.034809405,-0.238129767,0.095194813,-0.343589704,-0.490619164,0.013204016,0.234971343,-0.099309764
SAM160,9272.17,0.197073438,7613.66,34.96934375,0.132455428,30.63111606,2.489,45.228,138.317,9.05,1655.742,12.631,0.57,0.235,2.53,21.129,128.061,9.033,1635.722,12.959,0.634,0.322,-0.016338279,0.76106986,0.077041439,0.00188022,0.01216495,-0.025636418,-0.106412594,-0.314966031
SAM161,5701.22,-0.558900397,9970,30.48375137,-0.046299452,31.92831558,2.432,63.239,127.873,6.2,1663.523,12.983,0.657,0.261,1.915,24.793,88.904,2.2,816.113,13.844,0.83,0.56,0.238996341,0.936359844,0.363480448,1.036091932,0.712140096,-0.064211116,-0.233741682,-0.763416376
SAM162,4843.095,-0.715212064,9902.29,34.5283545,-0.086515615,37.64862643,NA,NA,NA,NA,NA,NA,NA,NA,NA,NA,NA,NA,NA,NA,NA,NA,NA,NA,NA,NA,NA,NA,NA,NA
SAM163,4979.355,-0.546935564,8604.075,28.60624026,0.051676077,27.16552777,1.966,45.875,74.983,2.4,786.048,13.161,0.683,0.302,1.946,28.536,105.802,3.533,647.676,13.624,0.844,0.406,0.010225038,0.474753858,-0.344308002,-0.386678631,0.193627288,-0.034575033,-0.211657635,-0.295926142
SAM164,7626.48,0.156793438,6519.73,34.67171957,-0.037521944,35.99738513,2.125,41.908,79.314,5.633,1451.785,13.144,0.786,0.638,2.083,40.788,125.428,4.867,1220.127,13.656,0.738,0.313,0.01996264,0.027088819,-0.458317231,0.146164429,0.173838882,-0.038213605,0.063012968,0.712135093
SAM165,4263.45,-0.782444387,9323.36,32.35682942,0.025806321,31.53250089,2.361,39.393,97.918,7.5,926.227,13.105,0.811,0.474,2.091,30.103,126.853,4.45,1245.773,13.739,0.766,0.262,0.121442838,0.268963301,-0.258898542,0.521998924,-0.296392155,-0.047244667,0.057085884,0.592862818
SAM166,7305.075,0.056413319,6904.38,37.35577853,0.030126882,36.24714903,2.529,30.696,63.676,10.15,997.338,12.675,0.688,0.395,2.089,40.324,68.353,7.55,719.009,13.006,0.869,0.493,0.191138485,-0.272814472,-0.070877728,0.295926142,0.327215855,-0.02577924,-0.233554287,-0.221623409
SAM167,6772.92,-0.122514894,7655.675,23.74629287,-0.085672628,25.87038961,2.36,45.116,105.375,8.4,1625.774,12.7,0.562,0.269,2.542,41.293,105.135,5.6,1351.094,13.611,0.734,0.264,-0.074289554,0.088543957,0.002280178,0.405465108,0.185069375,-0.069276296,-0.267007179,0.018762276
SAM168,7112.03,0.195909462,5846.705,29.02810639,-0.024541857,29.74932383,2.006,16.941,104.373,5.15,762.388,13.073,0.712,0.354,2.24,24.257,97.245,4.9,863.978,12.779,0.683,0.344,-0.110333176,-0.358968516,0.070737454,0.04976151,-0.125091693,0.022745836,0.041583052,0.028655256
SAM169,4479.665,-0.285694179,5961.025,35.57297343,0.016667453,34.9849764,2.508,58.781,120.98,10.8,1982.75,13.214,0.695,0.327,2.086,33.44,101.102,8.733,1672.207,13.224,0.703,0.395,0.184237266,0.564065885,0.179495334,0.212437181,0.170340459,-0.000756487,-0.011445046,-0.188925594
SAM170,10338.955,-0.006688127,10408.335,16.74180183,-0.122355939,18.92085276,2.242,19.871,89.198,2.5,729.7,12.648,0.768,0.558,2.396,23.747,130.435,5.633,1139.192,13.581,0.8,0.377,-0.066432356,-0.178194824,-0.380016401,-0.812351428,-0.445441027,-0.071172657,-0.040821995,0.392113775
SAM171,6212.105,-0.431643727,9565.315,25.33794293,-0.071397587,27.21315728,1.882,30.364,66.647,4.367,712.03,13.172,0.913,0.639,1.763,19.253,120.691,4.1,450.113,12.919,0.754,0.274,0.065318138,0.455590803,-0.593823526,0.063089301,0.458621383,0.019394269,0.191343513,0.846776348
SAM172,NA,NA,9426.945,30.12774428,0.151031377,25.90445877,2.679,28.058,64.983,7.067,1426.804,12.526,0.803,0.601,2.274,19.666,116.083,7.85,1383.389,13.191,0.732,0.326,0.163903195,0.35538254,-0.580179755,-0.10507747,0.030900692,-0.051728295,0.0925742,0.611697553
SAM173,3557.34,-0.90897205,8828.5,35.90098966,0.099979252,32.48523278,2.736,33.498,122.983,13.3,2216.888,13.034,0.71,0.349,2.406,16.773,129.853,6.9,1218.184,12.611,0.58,0.306,0.128531382,0.691715285,-0.054356907,0.656242624,0.598743185,0.032991879,0.202236866,0.13148682
SAM174,5479.305,-0.405309663,8217.68,35.94266672,0.126867052,31.66012574,2.209,32.121,110.317,7.433,1367.647,13.137,0.73,0.385,2.234,32.705,128.134,9.1,1850.893,13.204,0.681,0.323,-0.011253776,-0.01801795,-0.149718552,-0.202344868,-0.30257648,-0.005087138,0.069482228,0.175591011
SAM176,4881.91,-0.385503063,7178.135,34.8767256,0.054103314,33.03991595,2.579,80.089,121.009,13.033,1858.016,12.915,0.616,0.418,2.229,60.903,131.469,12.9,2188.278,12.92,0.631,0.28,0.145848672,0.273856082,-0.082906159,0.010257291,-0.163605681,-0.000387072,-0.024058899,0.400691829
SAM177,4056.82,-1.294943725,14810.6,20.1775668,-0.048965629,21.19016293,2.845,76.364,120.647,9.567,2261.031,13.399,0.69,0.268,2.376,47.497,100.768,3.333,979.248,13.004,0.647,0.489,0.180144666,0.47484483,0.180048082,1.054446877,0.836791253,0.029923075,0.064345303,-0.601375509
SAM178,11237.1,-0.162823899,13224.15,36.05190807,-0.056260058,38.13833137,2.712,45.596,125.009,11,2760.362,13.198,0.52,0.191,2.299,37.627,116.102,8.1,1781.528,13.447,0.666,0.362,0.165212124,0.192098116,0.07391662,0.306031211,0.437890408,-0.01869073,-0.247460859,-0.639370784
SAM179,3456.885,-0.744431182,7277.585,33.59740101,0.000180673,33.59133141,2.298,46.324,103.98,7.833,1550.041,12.709,0.717,0.428,1.817,44.225,87.761,4.767,821.518,13.378,0.74,0.382,0.23485239,0.046369945,0.169581362,0.496628402,0.634882813,-0.051301163,-0.031574346,0.113702587
SAM180,4366.28,-0.701742767,8807.945,36.29603636,-0.022005238,37.10359193,2.186,30.695,105.983,4.933,921.982,12.866,0.644,0.449,2.079,23.926,73.135,3.6,858.674,13.557,0.824,0.489,0.050186381,0.249134041,0.370971656,0.315013477,0.071136362,-0.052314846,-0.246471804,-0.085339602
SAM181,4304.55,-0.879070345,10368.195,21.71009491,-0.054742639,22.93169454,2.226,46.056,127.012,5.533,1570.296,13.34,0.579,0.324,2.12,32.533,77.404,3.8,1101.033,13.589,0.712,0.353,0.048790164,0.347603089,0.495243111,0.375729097,0.355015307,-0.018493601,-0.206775434,-0.085724541
SAM182,8149.555,-0.22762515,10232.7,15.80733229,-0.091275309,17.31804827,2.568,32.688,140.98,6.2,1393.638,12.903,0.686,0.331,2.467,22.686,134.394,5.967,1384.56,13.147,0.636,0.33,0.040124548,0.365260044,0.047842252,0.038305004,0.006535195,-0.018733753,0.075679064,0.003025721
SAM183,10314.2,-0.141061121,11876.75,25.05300456,-0.085397083,27.28646649,2.308,44.569,109.194,6.4,1423.452,13.736,0.766,0.426,2.069,46.254,135.807,3.45,1458.554,13.809,0.668,0.279,0.10931595,-0.037109397,-0.218108643,0.617923759,-0.024360627,-0.00530043,0.136893996,0.423227564
SAM184,7847.61,0.084042677,7215.03,25.12062894,-0.082987085,27.29426109,2.269,26.539,117.698,6.95,879.697,12.493,0.872,0.346,2.212,30.22,123.102,6.167,1448.026,13.471,0.665,0.25,0.025442122,-0.129888608,-0.044891258,0.119529164,-0.498378999,-0.075370739,0.271002383,0.324977857
SAM185,3023.31,-1.352197583,11687.85,39.81037383,-0.005338183,40.02345713,2.812,29.078,128.379,23.65,1608.433,11.797,0.614,0.31,2.346,37.248,79.353,8.85,1485.312,12.624,0.749,0.513,0.181184224,-0.247616378,0.481080573,0.982945656,0.079635562,-0.067754502,-0.198744055,-0.503703548
SAM186,6402.925,-0.548061802,11076.4,NA,NA,33.50085748,2.211,27.156,77.379,5.35,1174.943,14.03,0.91,0.494,1.856,17.926,131.135,6.233,1316.47,13.332,0.741,0.317,0.175021268,0.415345844,-0.527511901,-0.152761197,-0.113734276,0.051030734,0.205443974,0.443633743
SAM187,13632.6,0.242145478,10700.8,22.71518298,-0.037079646,23.57326429,NA,NA,NA,NA,NA,NA,NA,NA,NA,NA,NA,NA,NA,NA,NA,NA,NA,NA,NA,NA,NA,NA,NA,NA
SAM188,11559.61,0.482747371,7133.27,27.8947965,0.098247978,25.28451588,2.407,53.184,101.873,14,2229.624,12.117,0.593,0.433,2.453,20.132,81.394,11,1290.067,12.301,0.603,0.513,-0.018930606,0.97144701,0.224425379,0.241162057,0.547138806,-0.015071135,-0.016722798,-0.169538117
SAM189,5477.835,-0.679080599,10802.64,31.47004251,-0.053750961,33.2078742,2.805,79.536,76.009,14.5,1563.364,12.501,0.682,0.424,2.192,60.146,89.135,14.7,1496.096,12.846,0.751,0.414,0.24658917,0.27943481,-0.15930032,-0.013698844,0.043980861,-0.027223838,-0.096375994,0.023867481
SAM190,7882.855,-0.147988837,9140.17,32.62981231,0.030214762,31.65865583,2.473,37.986,112.345,11.133,1669.609,12.297,0.534,0.278,2.289,43.65,127.135,10.7,2243.725,13.111,0.572,0.161,0.077316948,-0.138985611,-0.12367502,0.039669929,-0.295547964,-0.064096242,-0.068743152,0.546216749
SAM191,6569.56,0.306079809,4837.35,29.82629226,0.078869104,27.56429266,1.776,30.089,110.345,4.6,994.731,12.595,0.548,0.308,1.966,32.643,131.135,3.167,854.704,13.536,0.762,0.355,-0.101637377,-0.081470781,-0.172615506,0.373271536,0.151717139,-0.072052893,-0.329671269,-0.142018007
SAM192,NA,NA,NA,37.59714584,0.067037972,35.15933529,2.238,59.69,87.416,3.85,1263.901,13.559,0.724,0.546,2.157,46.446,126.727,9.367,1820.932,13.083,0.707,0.272,0.036864242,0.250874155,-0.371356834,-0.889119726,-0.365145488,0.035736856,0.023760726,0.696816909
SAM193,NA,NA,NA,37.12010079,-0.081394783,40.26785089,3.025,47.418,117.647,11.033,1911.364,13.004,0.621,0.265,2.767,25.086,95.727,11,1845.851,12.758,0.58,0.328,0.089147391,0.636691982,0.206188225,0.002995509,0.034876706,0.019098477,0.068302978,-0.213283782
SAM194,6048.505,-0.378902049,8834.93,33.91201133,0.035337106,32.73458493,2.688,64.881,99.98,9.167,1594.284,12.925,0.594,0.298,2.22,34.122,112.094,5.233,868.556,13.379,0.753,0.312,0.191290227,0.642612485,-0.114367639,0.560625352,0.607347949,-0.034522893,-0.237185908,-0.045909701
SAM195,4121.495,-0.436790681,6378.97,32.43884657,-0.020810999,33.12100494,NA,NA,NA,NA,NA,NA,NA,NA,NA,NA,NA,NA,NA,NA,NA,NA,NA,NA,NA,NA,NA,NA,NA,NA
SAM196,5740.42,-0.461225435,9104.4,30.27288479,0.197498766,24.8474133,2.956,87.812,107.345,8.5,1726.365,13.93,0.844,0.443,2.983,76.418,135.094,10.433,2438.046,13.16,0.584,0.301,-0.009092502,0.138979895,-0.229922886,-0.204907696,-0.345178857,0.056862862,0.368251512,0.386459505
SAM197,7135.48,0.172601145,6004.315,33.72537814,0.01912033,33.08666346,NA,NA,NA,NA,NA,NA,NA,NA,NA,NA,NA,NA,NA,NA,NA,NA,NA,NA,NA,NA,NA,NA,NA,NA
SAM198,5439.525,-0.25820758,7042.05,33.31575325,-0.066225685,35.59681049,NA,NA,NA,NA,NA,NA,NA,NA,NA,NA,NA,NA,NA,NA,NA,NA,NA,NA,NA,NA,NA,NA,NA,NA
SAM199,6861.67,-0.393001562,10165.02,35.05783276,-0.036726087,36.369305,2.242,27.679,98.676,6.6,1247.207,12.999,0.801,0.311,2.55,23.239,95.727,7.267,1176.176,13.006,0.731,0.431,-0.128725035,0.174842101,0.030341365,-0.096273903,0.058638153,-0.000538358,0.091447487,-0.326315178
SAM200,6852.695,-0.779206046,14937.1,34.49582413,0.062369811,32.41004696,2.182,57.728,109.65,5.267,1317.081,12.498,0.601,0.266,2.032,43.48,99.135,4.7,1008.974,13.246,0.679,0.345,0.071221358,0.283441262,0.100810917,0.113898432,0.266483951,-0.058126989,-0.122026193,-0.260048108
SAM201,13251.3,0.209142931,10750.505,18.14714384,-0.153585266,21.15970045,2.715,46.882,108.342,11.833,1708.19,12.873,0.675,0.389,2.57,39.663,110.904,13.15,1928.493,12.737,0.627,0.367,0.054886054,0.167215043,-0.023372072,-0.10552952,-0.121304538,0.010620951,0.07376615,0.058217496
SAM203,NA,NA,NA,25.75857015,0.012835487,25.43005918,1.842,33.154,109.98,5.267,869.774,13.126,0.724,0.375,1.607,25.322,116.094,3,591.467,13.399,0.647,0.402,0.136482851,0.26948979,-0.054101677,0.562848652,0.385627516,-0.020585081,0.112445098,-0.069526063
SAM204,7038.49,-0.231083824,8868.25,28.09609858,0.04335899,26.90391286,1.596,47.915,70.65,4.433,629.241,12.666,0.678,0.503,1.805,22.927,95.745,6.9,569.196,12.465,0.84,0.544,-0.123060093,0.737113352,-0.303950298,-0.442444856,0.100289492,0.015996521,-0.214254604,-0.078359077
SAM205,10190.075,0.416475618,6718.995,33.99433621,-0.028108106,34.9634082,2.686,34.632,113.922,7,1692.723,12.877,0.589,0.349,2.659,51.621,127.083,11.4,2589.555,12.832,0.416,0.147,0.010102986,-0.399150456,-0.109326413,-0.487703206,-0.425147571,0.003500723,0.347740923,0.864639335
SAM206,6847.54,-0.151640061,7968.765,36.62325338,0.066708885,34.25986292,2.483,46.235,98.916,6.1,1570.849,13.574,0.664,0.436,2.724,40.455,129.634,7.15,1864.305,13.335,0.633,0.302,-0.092633882,0.133546842,-0.27044409,-0.158823586,-0.171272092,0.017764041,0.047811727,0.367215226
SAM207,5742.62,NA,NA,32.19466609,0.105312343,28.97659533,2.019,44.379,94.679,7.6,976.429,13.748,0.775,0.389,1.666,37.837,78.768,4.633,587.117,13.752,0.905,0.479,0.192176796,0.159478925,0.1839854,0.494943641,0.50867792,-0.000290909,-0.155071914,-0.208121254
SAM208,3165.18,NA,NA,32.80719059,-0.042452089,34.2299094,2.539,31.626,97.342,8.1,879.018,13.593,0.853,0.4,2,24.612,92.094,4.433,803.451,13.954,0.89,0.518,0.238623122,0.250745438,0.055420756,0.602787506,0.089889175,-0.026211251,-0.042461915,-0.258510695
SAM209,3245.125,-0.953888169,8423.64,33.87303616,0.046785253,32.32477781,2.676,61.023,124.918,11.75,2386.771,12.802,0.538,0.204,2.246,39.346,100.135,6.633,1524.245,13.339,0.733,0.375,0.175172286,0.438856524,0.221138246,0.57179605,0.448442201,-0.041090666,-0.309287142,-0.608806032
SAM210,6369.435,-0.69132039,12715.62,35.61195997,0.039129194,34.24540316,2.792,27.728,90.875,8.6,1287.846,12.461,0.71,0.425,2.497,18.166,96.061,8.933,913.01,12.742,0.784,0.417,0.111668174,0.422891018,-0.05549847,-0.037990081,0.343979501,-0.022299857,-0.09914405,0.019002947
SAM211,9274.16,-0.197150245,11295.25,29.49177435,0.419493502,19.38729368,2.901,25.288,87.918,5.3,752.568,13.056,0.841,0.432,2.255,27.683,94.404,5.05,884.744,13.202,0.737,0.443,0.251905532,-0.090488531,-0.071178883,0.048318577,-0.16180698,-0.011120535,0.132003768,-0.025144182
SAM212,6221.21,-0.559526917,10886.15,29.39720541,-0.042788865,30.68237792,2.632,32.361,85.647,7.233,1053.911,12.933,0.795,0.522,2.625,26.122,125.745,9.2,2002.145,13.178,0.621,0.226,0.002663117,0.214176123,-0.384021849,-0.240549596,-0.6417111,-0.018766588,0.247011033,0.837132589
SAM213,3145.95,-0.569289732,5558.93,35.25953229,0.03053215,34.19925164,1.992,25.333,133.422,5.8,1932.703,12.926,0.367,0.168,2.017,17.436,156.394,4.667,1404.285,13.576,0.672,0.288,-0.0124721,0.373570859,-0.158861427,0.217341451,0.319391265,-0.049062741,-0.604896492,-0.538996501
SAM214,4774.32,0.223261638,3819.005,36.52929979,0.011361913,36.11660599,1.745,26.659,52.676,4.467,532.093,12.502,0.737,0.573,2.145,32.258,116.404,3.3,977.486,13.607,0.622,0.279,-0.206384997,-0.19063927,-0.792906955,0.302794574,-0.608165683,-0.084695735,0.169647799,0.719673935
SAM215,6365.615,-0.279887797,8421.59,32.69977488,0.041617775,31.36681284,2.365,28.344,105.647,5.4,1042.944,12.692,0.685,0.456,2.133,19.118,103.761,5.467,937.427,13.106,0.701,0.338,0.103248582,0.393785068,0.01801317,-0.012331066,0.106663874,-0.032098267,-0.023089049,0.299446914
SAM216,4578.845,-0.694351453,9168.725,32.22851763,0.028143632,31.33413471,2.059,51.422,84.679,6.6,1176.803,13.164,0.728,0.499,2.225,23.868,77.904,5.85,714.063,12.63,0.734,0.493,-0.077536488,0.767527447,0.083390338,0.120627988,0.499585525,0.041410895,-0.00820798,0.012096922
SAM217,8115.475,NA,NA,29.12397187,0.037533317,28.05111252,2.149,38.156,80.345,6.767,1043.584,12.307,0.617,0.349,1.707,17.669,104.727,2.933,586.072,13.638,0.836,0.356,0.230265174,0.769871328,-0.265027102,0.836032067,0.576973573,-0.102691808,-0.303759589,-0.019858809
SAM218,6352.8,-0.007584344,6401.165,29.75023398,0.053638717,28.19651192,NA,NA,NA,NA,NA,NA,NA,NA,NA,NA,NA,NA,NA,NA,NA,NA,NA,NA,NA,NA,NA,NA,NA,NA
SAM219,15208.1,0.051213354,14448.85,25.71555965,-0.038669304,26.72943912,3.099,83.679,118.698,16.6,2992.76,13.056,0.517,0.261,2.133,36.016,128.061,6.7,2041.014,13.578,0.586,0.237,0.373550039,0.843024766,-0.075924261,0.907295169,0.382749295,-0.039203038,-0.125276915,0.096460266
SAM221,8715.71,0.020859232,8535.79,19.92552675,-0.16338286,23.46205701,NA,NA,NA,NA,NA,NA,NA,NA,NA,NA,NA,NA,NA,NA,NA,NA,NA,NA,NA,NA,NA,NA,NA,NA
SAM222,3830.465,-0.632241385,7208.26,32.50175436,-0.074745,35.02419359,2.422,59.615,110.65,8.033,2181.697,12.55,0.473,0.282,1.989,29.77,124.802,5.233,1503.098,13.298,0.616,0.271,0.196961645,0.694406045,-0.120356415,0.42857333,0.372574703,-0.057892982,-0.264151575,0.03978825
SAM223,11033.615,-0.089251935,12063.67,29.72160569,0.069026234,27.73923983,2.532,37.244,90.98,8.533,1401.672,13.141,0.741,0.407,2.179,21.547,102.102,6.967,1484.384,13.19,0.716,0.359,0.150143448,0.547254262,-0.115332611,0.202756284,-0.057334062,-0.003721853,0.034320458,0.125490797
SAM225,9139.81,NA,NA,32.61501098,-0.040410161,33.95998102,2.483,45.262,124.012,9.933,2210.223,13.134,0.558,0.306,2.192,29.563,139.469,9.567,2412.919,13.163,0.537,0.275,0.124653137,0.425944249,-0.117464019,0.037542871,-0.087743802,-0.002205576,0.038360868,0.106814004
SAM226,14609,-0.063695363,15569.8,23.45641478,-0.100900786,25.94670937,2.179,41.819,85.676,9.567,1435.136,13.118,0.649,0.351,2.136,50.536,119.469,10.1,2380.787,13.175,0.548,0.149,0.019931135,-0.189335172,-0.332484184,-0.054215747,-0.506171487,-0.004335762,0.16915743,0.856839918
SAM227,NA,NA,7495.725,19.63382768,-0.078478281,21.23673068,2.492,49.288,113.314,10.5,1813.89,13.138,0.72,0.409,2.179,40.097,117.768,5.467,1316.624,14.27,0.855,0.476,0.134219545,0.206379125,-0.038553861,0.652645237,0.320402826,-0.082650637,-0.171850257,-0.151702698
SAM228,9567.1,-0.433841336,14763.7,31.79008048,-0.012433316,32.18780398,2.791,42.073,94.918,8.75,1646.662,12.846,0.642,0.321,2.002,34.814,123.768,4.9,907.489,13.403,0.754,0.228,0.332253274,0.1893866,-0.265395484,0.579818495,0.595824043,-0.042446084,-0.160804064,0.342095494
SAM230,7535.47,-0.249363152,9669.575,26.43607385,-0.062068957,28.12892676,2.095,43.002,91.342,4.5,1004.746,13.667,0.793,0.387,1.9,36.432,123.428,7.033,1255.273,13.143,0.699,0.297,0.097699667,0.165799117,-0.301047286,-0.446535961,-0.222618306,0.03909487,0.126172479,0.264692554
SAM231,5388.755,-0.340467027,7574.455,32.95583707,-0.010655687,33.30888177,2.805,41.984,106.873,8.1,1955.348,13.682,0.736,0.352,2.729,27.691,119.583,7.15,2114.024,13.076,0.552,0.252,0.027468297,0.416181143,-0.112369477,0.124751705,-0.078025058,0.045302611,0.287682072,0.334202088
SAM232,4430.535,-0.30162115,5990.3,32.79288793,-0.010490624,33.1387166,2.349,31.099,120.679,6.2,1209.933,13.219,0.744,0.409,1.969,23.093,131.802,11.2,1348.093,13.099,0.792,0.263,0.176463906,0.297646123,-0.088166669,-0.591364486,-0.108126015,0.009119297,-0.062520357,0.441561124
SAM233,9042.475,NA,NA,33.43994494,0.008206366,33.16664746,2.493,26.675,83.916,4.85,839.472,12.224,0.852,0.424,2.446,15.588,132.353,6.9,1112.884,13.174,0.798,0.417,0.019032767,0.53722541,-0.455656297,-0.352542707,-0.281937,-0.074843958,0.065477929,0.016647233
SAM235,3823.175,-0.937348969,9761.345,14.14435373,0.095779091,12.85247531,2.579,60.018,120.983,11.9,2063.603,12.007,0.53,0.227,2.531,28.633,131.353,13.75,2349.397,12.673,0.487,0.182,0.018787245,0.740084618,-0.082238316,-0.144500424,-0.129705215,-0.053983933,0.084612883,0.22094333
SAM236,3906.045,-0.789666409,8603.695,19.28650467,0.417281309,12.70663506,NA,NA,NA,NA,NA,NA,NA,NA,NA,NA,NA,NA,NA,NA,NA,NA,NA,NA,NA,NA,NA,NA,NA,NA
SAM237,4352.005,-0.040802463,4533.25,24.51258336,-0.129716183,27.90770387,2.289,36.709,76.676,3.9,958.594,12.645,0.462,0.351,2.02,21.258,69.094,3.667,877.975,13.013,0.85,0.573,0.12501753,0.546288661,0.104120856,0.061602664,0.087849508,-0.028686978,-0.609671458,-0.490099493
SAM238,5703.9,-1.171923078,18413.3,30.3347725,-0.036853659,31.4735755,2.335,41.258,113.314,8.067,1334.538,12.273,0.543,0.408,2.187,22.325,125.428,5.833,1188.354,13.442,0.766,0.391,0.065481149,0.614137907,-0.101569163,0.324250218,0.116016008,-0.090982406,-0.34407285,0.042559614
SAM239,3923.39,-0.492493194,6420.2,28.37321079,-0.009425544,28.64190804,2.432,34.061,115.314,9.033,1700.502,12.186,0.606,0.304,2.416,36.046,101.802,8.9,1709.227,13.138,0.686,0.293,0.006600684,-0.056642866,0.124629092,0.014833261,-0.00511772,-0.075221043,-0.123997642,0.036855092
SAM240,5605.245,NA,NA,24.71031508,-0.064552894,26.35804827,2.876,39.658,83.65,10.333,1149.999,12.519,0.72,0.4,2.419,22.444,112.768,6.267,951.446,13.546,0.801,0.392,0.173046208,0.569269375,-0.298691183,0.500044886,0.189533419,-0.078843811,-0.106609735,0.020202707
SAM241,NA,NA,6970.22,38.76006765,0.102380815,34.98815994,2.648,34.938,111.873,11.65,1922.842,12.293,0.727,0.36,2.49,25.307,125.245,11,2280.721,12.883,0.442,0.155,0.061521928,0.322494025,-0.11290752,0.057410907,-0.170687321,-0.046878618,0.497616595,0.842678915
SAM242,5990.045,-0.286958527,7980.95,33.48988936,-0.014912718,33.9930571,1.959,28.479,64.416,2.733,574.397,13.262,0.887,0.689,1.915,30.568,84.404,3.85,1148.461,13.913,0.835,0.544,0.022716516,-0.070786737,-0.270252744,-0.342673241,-0.692857269,-0.047920852,0.060413257,0.236292024
SAM243,5204.53,-0.69226054,10399.835,31.03847283,0.03031605,30.11162904,2.316,27.151,132.983,11,2291.556,13.118,0.531,0.284,2.253,16.486,153.061,8.733,2673.854,13.183,0.421,0.154,0.027578898,0.498902342,-0.140615234,0.230786319,-0.154289815,-0.004942788,0.232129188,0.612021636
SAM244,NA,NA,14085.8,39.10209948,-0.04511456,40.9065714,NA,NA,NA,NA,NA,NA,NA,NA,NA,NA,NA,NA,NA,NA,NA,NA,NA,NA,NA,NA,NA,NA,NA,NA
SAM246,12447.2,-0.158583606,14586.25,35.46526544,0.012450053,35.02645827,2.372,40.949,102.873,10.1,1836.232,13.032,0.575,0.389,2.041,25.918,122.353,7.05,1833.579,13.36,0.607,0.243,0.150293597,0.457389682,-0.173415092,0.359507807,0.001445851,-0.024857297,-0.05415875,0.4705179
SAM247,6763.75,-0.628976731,12686.7,35.47807372,0.051893727,33.68393902,NA,NA,NA,NA,NA,NA,NA,NA,NA,NA,NA,NA,NA,NA,NA,NA,NA,NA,NA,NA,NA,NA,NA,NA
SAM248,7120.975,-0.933543851,18112.25,19.59934251,-0.221924692,24.46933529,NA,NA,NA,NA,NA,NA,NA,NA,NA,NA,NA,NA,NA,NA,NA,NA,NA,NA,NA,NA,NA,NA,NA,NA
SAM249,NA,NA,NA,30.93025154,0.087943797,28.32630626,2.623,47.514,144.194,19.9,2137.266,12.733,0.554,0.277,2.297,27.302,125.094,7.333,1727.242,14.031,0.822,0.319,0.132714777,0.554064445,0.14209416,0.998335023,0.213001525,-0.097072119,-0.394575708,-0.141173597
SAM250,5189.51,-0.083312159,5640.38,36.79214651,-0.018126917,37.46515606,2.457,40.069,83.873,5.2,784.059,13.276,0.79,0.415,2.189,27.096,130.583,8.05,1180.9,12.588,0.557,0.227,0.115496275,0.391216852,-0.44270529,-0.437013466,-0.409547866,0.053213915,0.349467706,0.603328503
SAM251,4934.675,-0.36699935,7122.695,28.23593895,0.037166733,27.20576406,NA,NA,NA,NA,NA,NA,NA,NA,NA,NA,NA,NA,NA,NA,NA,NA,NA,NA,NA,NA,NA,NA,NA,NA
SAM252,6501.105,NA,NA,36.89390431,-0.021405365,37.69214463,2.229,50.769,110.676,8.633,1748.246,13.213,0.682,0.432,2.176,33.818,130.853,6.5,1703.541,13.166,0.531,0.325,0.024064725,0.406292727,-0.167467542,0.283789892,0.025903974,0.003563444,0.250267637,0.284600406
SAM253,5382.625,-0.518464196,9039.83,21.97829269,-0.038233157,22.83486255,2.545,49.134,93.314,7.7,1348.825,12.809,0.617,0.402,2.587,41.735,141.761,8.533,1732.62,12.904,0.571,0.247,-0.016368253,0.163211154,-0.418172391,-0.102720671,-0.250400871,-0.007389292,0.077479814,0.487063752
SAM254,18002.2,0.176289415,15092.6,28.4091504,0.048546166,27.06293623,2.396,46.482,85.345,5.967,1324.938,12.14,0.643,0.286,2.372,33.643,128.802,5.167,1518.273,13.4,0.57,0.216,0.010067199,0.32326013,-0.411574476,0.143952039,-0.136207839,-0.098748921,0.120508363,0.280713403
SAM256,5706.59,-0.203655444,6995.57,36.26432036,0.118337513,32.21708285,1.872,44.194,60.873,4.65,1132.285,12.72,0.863,0.438,1.743,27.108,157.145,5.55,804.228,12.588,0.563,0.288,0.071399612,0.488760146,-0.948379219,-0.176930708,0.342110183,0.010431579,0.427135063,0.41925843
SAM257,6278.82,-0.005801113,6315.35,30.03110243,-0.069654361,32.19747241,2.562,62.519,124.676,8.7,1723.573,13.337,0.708,0.317,2.181,48.598,127.853,9.05,2421.822,13.094,0.466,0.172,0.161004716,0.251888133,-0.025162794,-0.039441732,-0.340120688,0.018388018,0.41825846,0.611407297
SAM258,7570.54,-0.261486287,9833.065,30.40784868,0.05121063,28.8898443,2.722,31.762,129.009,9.933,2170.492,13.115,0.589,0.377,2.769,21.753,139.802,9.367,2203.016,13.275,0.608,0.183,-0.01711934,0.378518928,-0.080344966,0.058669673,-0.014873461,-0.012125954,-0.031748698,0.722759035
SAM259,11624.865,0.309818441,8527.77,32.49637591,-0.03794011,33.7529791,2.397,71.369,136.873,8.05,1797.143,11.984,0.425,0.245,2.209,41.683,149.135,7.533,1740.754,13.204,0.584,0.194,0.081678031,0.53777023,-0.085798447,0.066378723,0.031879829,-0.096947387,-0.317811814,0.233400051
SAM260,11559,0.253868018,8967.405,31.64938151,0.227681585,25.20486475,2.569,31.449,94.676,7.5,1135.532,13.841,0.848,0.505,2.112,25.254,130.102,7.833,1564.403,12.945,0.626,0.299,0.195881352,0.219382627,-0.317858222,-0.043442558,-0.320403018,0.066925589,0.303530265,0.524114856
SAM263,2579.87,-1.374870254,10202.26,35.57023705,0.089093049,32.53824611,1.989,45.299,54.345,4.8,620.695,13.164,0.861,0.647,1.596,29.353,75.353,2.8,495.062,13.402,0.871,0.557,0.220131501,0.433890201,-0.326831125,0.538996501,0.226156811,-0.017918118,-0.011547472,0.149781055
SAM264,4346.605,NA,NA,21.27572622,-0.383237355,31.21204767,2.188,26.268,79.314,7.2,906.013,11.675,0.708,0.575,2.409,37.297,156.102,10.533,2125.203,13.097,0.613,0.175,-0.096223839,-0.350561426,-0.677094982,-0.38043216,-0.852568951,-0.114933393,0.144079158,1.189584067
SAM265,7453.165,NA,NA,31.38656154,-0.062674127,33.41663909,NA,NA,NA,NA,NA,NA,NA,NA,NA,NA,NA,NA,NA,NA,NA,NA,NA,NA,NA,NA,NA,NA,NA,NA
SAM266,3917.01,NA,NA,33.72249115,0.029016327,32.75804827,1.928,18.268,80.314,5.3,770.752,12.374,0.664,0.469,1.89,19.037,121.745,6.45,1001.072,13.332,0.809,0.355,0.019906367,-0.041233559,-0.415984741,-0.19637331,-0.261460043,-0.074569663,-0.197516768,0.278484979
SAM267,7351.765,-0.288250312,9807.925,29.56280386,-0.028392514,30.41419557,NA,NA,NA,NA,NA,NA,NA,NA,NA,NA,NA,NA,NA,NA,NA,NA,NA,NA,NA,NA,NA,NA,NA,NA
SAM268,7656.635,0.038991056,7363.84,24.17057671,-0.017169049,24.58914545,2.272,38.939,89.676,7.633,1160.991,12.548,0.868,0.577,2.272,22.346,107.469,6.6,1270.721,13.369,0.739,0.341,0,0.555348985,-0.180999259,0.145411304,-0.090310505,-0.063377304,0.160893794,0.525959789
SAM269,5673.43,-0.917201582,14196.5,35.35405851,0.00545173,35.16184217,NA,NA,NA,NA,NA,NA,NA,NA,NA,NA,NA,NA,NA,NA,NA,NA,NA,NA,NA,NA,NA,NA,NA,NA
SAM270,8766.09,0.103700315,7902.59,14.87314305,-0.05033174,15.64089325,NA,NA,NA,NA,NA,NA,NA,NA,NA,NA,NA,NA,NA,NA,NA,NA,NA,NA,NA,NA,NA,NA,NA,NA
SAM271,NA,NA,NA,32.26746396,0.048434751,30.74184217,NA,NA,NA,NA,NA,NA,NA,NA,NA,NA,NA,NA,NA,NA,NA,NA,NA,NA,NA,NA,NA,NA,NA,NA
SAM273,4946.005,-0.256335606,6391.16,20.54217464,-0.033734916,21.2469847,2.766,82.499,143.679,8.533,2404.14,13.143,0.56,0.263,2.587,57.252,136.761,9.6,2946.261,13.444,0.534,0.167,0.06690333,0.365323596,0.049346768,-0.117822099,-0.203344658,-0.022643612,0.047540945,0.45416022
SAM274,6280.665,0.074332802,5830.735,37.6977115,-0.040371329,39.25075651,NA,NA,NA,NA,NA,NA,NA,NA,NA,NA,NA,NA,NA,NA,NA,NA,NA,NA,NA,NA,NA,NA,NA,NA
SAM275,11428.075,-0.071152261,12270.835,39.47078868,-0.013724968,40.0162587,2.216,45.029,113.012,6.667,1376.934,13.06,0.729,0.386,2.27,18.818,76.792,4.5,1177.112,15.021,0.971,0.514,-0.024076063,0.872492868,0.38639354,0.393092587,0.156795307,-0.139895098,-0.286652736,-0.286385896
SAM276,8467.66,-0.458298767,13390.6,38.30556872,0.032998727,37.06216197,2.443,21.282,89.679,4.1,793.487,12.317,0.731,0.511,2.125,23.637,125.745,4.45,1262.837,13.581,0.671,0.252,0.13945499,-0.104951636,-0.338019419,-0.081917122,-0.4646789,-0.097691335,0.085644323,0.706940503
SAM277,6455.515,-0.373663615,9380.175,31.88873069,-0.10898913,35.56072532,NA,NA,NA,NA,NA,NA,NA,NA,NA,NA,NA,NA,NA,NA,NA,NA,NA,NA,NA,NA,NA,NA,NA,NA
SAM278,7417.075,0.010988313,7336.02,34.23720762,-0.004532364,34.39273531,2.353,70.36,152.916,10.7,1903.954,13.098,0.542,0.317,2.291,41.793,141.353,7.4,1554.574,13.284,0.708,0.391,0.026702706,0.520896058,0.078628443,0.368763741,0.202731223,-0.014100757,-0.267178092,-0.209805786
SAM279,6835.815,0.273452656,5200.335,32.29574947,-0.142995166,37.26038852,NA,NA,NA,NA,NA,NA,NA,NA,NA,NA,NA,NA,NA,NA,NA,NA,NA,NA,NA,NA,NA,NA,NA,NA
SAM280,10345.1,NA,NA,30.91245978,0.280552163,23.35023781,2.108,66.225,62.916,4.45,558.246,12.433,0.7,0.618,2.196,52.083,134.469,7.2,1227.697,13.27,0.753,0.307,-0.040897893,0.240219435,-0.759533186,-0.48117693,-0.78809561,-0.06515162,-0.072984893,0.69964071
SAM281,2746.3,-0.595885931,4983.54,29.22718235,-0.008797195,29.48543386,NA,NA,NA,NA,NA,NA,NA,NA,NA,NA,NA,NA,NA,NA,NA,NA,NA,NA,NA,NA,NA,NA,NA,NA
SAM282,10496.115,-0.339169527,14734.25,39.81674126,0.020161751,39.02200459,NA,NA,NA,NA,NA,NA,NA,NA,NA,NA,NA,NA,NA,NA,NA,NA,NA,NA,NA,NA,NA,NA,NA,NA
SAM283,8772.565,-0.178298782,10484.815,25.99569351,0.052914043,24.65591538,NA,NA,NA,NA,NA,NA,NA,NA,NA,NA,NA,NA,NA,NA,NA,NA,NA,NA,NA,NA,NA,NA,NA,NA
SAM284,9675.9,NA,NA,30.82965479,-0.067817111,32.99295836,2.485,67.096,115.342,9.033,1682.506,12.556,0.694,0.341,2.36,34.196,120.394,9.133,2224.571,13.067,0.522,0.212,0.051611041,0.674015752,-0.04286807,-0.01100969,-0.279279739,-0.039891329,0.284804373,0.475296203
SAM286,5292.485,-0.357720881,7568.605,34.32105386,-0.006069984,34.53001568,NA,NA,NA,NA,NA,NA,NA,NA,NA,NA,NA,NA,NA,NA,NA,NA,NA,NA,NA,NA,NA,NA,NA,NA
SAM287,7736.085,-0.008347212,7800.93,29.72604175,-0.177776887,35.50950386,NA,NA,NA,NA,NA,NA,NA,NA,NA,NA,NA,NA,NA,NA,NA,NA,NA,NA,NA,NA,NA,NA,NA,NA
SAM288,6021.08,0.295882467,4478.93,28.3880618,0.113741317,25.33602714,NA,NA,NA,NA,NA,NA,NA,NA,NA,NA,NA,NA,NA,NA,NA,NA,NA,NA,NA,NA,NA,NA,NA,NA
SAM289,12916.03,-0.033103387,13350.75,31.89626108,-0.013065732,32.31574354,NA,NA,NA,NA,NA,NA,NA,NA,NA,NA,NA,NA,NA,NA,NA,NA,NA,NA,NA,NA,NA,NA,NA,NA
