"SAM","MeanColonization_Dry","MeanColonization_logdiff","MeanColonization_Wet","MinimumColonization_Dry","MinimumColonization_logdiff","MinimumColonization_Wet","MaximumColonization_Dry","MaximumColonization_logdiff","MaximumColonization_Wet","RangeofColonization_Dry","RangeofColonization_logdiff","RangeofColonization_Wet","LSMeans_Dry","LSMeans_logdiff","LSMeans_Wet","ArithmeticMean_Dry","ArithmeticMean_logdiff","ArithmeticMean_Wet","LSmeanXY_Dry","LSmeanXY_logdiff","LSmeanXY_Wet","LSmeanJustX_Dry","LSmeanJustX_logdiff","LSmeanJustX_Wet"
"SAM001",17.66666667,0,37,37,17.02569,17.6667,16.60906,17.02007,-73.2787146661502,81.9285788904316,129.753026122511,106.432853499163,-226.990649070621,121.744906888078,-37.6436480685945,-25.719907932018,64.4272211970769,-12.7006327106815,12.7509822523494,133.544158413208,-17.0747621050816,149.804100258887,-195.141680713521,210.220667661218
"SAM002",36.5,7,63,56,36.74944,36.5,36.95949,36.81738,52.5604096630481,-270.640757485339,33.2771251743183,41.2843691089621,61.0496720133092,37.1742971326999,-77.9397481650108,36.7938000905286,-153.784345325094,-166.331069928393,97.0860029946961,29.7518021364627,2.6901014987377,261.469041923937,52.731933089168,142.578558481656
"SAM003",27,1,56,55,26.83113,27,27.21723,27.17967,-130.176464620819,-65.8385868658445,-10.7120621156468,91.7796775147295,33.9027733404816,133.75027117208,132.278066884686,-20.1690917846962,43.9353129783901,-63.6930488550777,217.26866041105,168.912851410589,47.3845341938911,-45.2022953269145,-5.66094305306964,-83.5032643911033
"SAM004",28.33333333,15,37,22,30.9183,28.3333,28.80603,28.4212,181.414689965687,-18.2011198660962,-5.70820994104226,94.7210749541257,24.8416861490077,-169.117247284402,-115.127084806834,131.707656423202,114.34072638166,-180.852283493395,-130.69752601104,39.151916381386,14.6308571763687,-23.3743984471294,-0.536924623977008,-90.0710741375277
"SAM005",15,10,18,8,19.77044,15,15.56001,15.5469,-67.8504281444931,-62.0237064235925,-98.0834323598903,286.270513192356,-169.916050334294,86.1804550505234,75.6126890494755,188.995330430287,46.3371666941825,33.54261117167,45.6190587161551,43.599406931091,223.132079250408,-59.0440510291547,80.5356923914811,15.2801736474083
"SAM006",9,0,20,20,9.07554,9,9.71992,9.66166,-60.3900807414357,-28.5674474884741,-22.1146487936289,-177.948996922599,-34.2537133925535,-32.100737471195,117.639978967233,-79.0978265171681,-125.751044035955,209.713112297115,258.569026207976,178.283755626444,-88.5486136787129,241.015189063488,109.753714420866,80.3432859945429
"SAM007",27.88888889,1,60,59,29.33904,27.8889,27.78883,27.72428,143.888378184552,48.4992583136694,-180.434530032091,174.324149222335,85.6201695456569,48.0997191942436,-70.8361501627146,-62.1834791241518,-47.3547483057562,-212.093563984342,-74.47045023096,157.111063857889,-73.6318328223161,-239.593867256202,15.895159665016,190.549450511621
"SAM008",40.75,14,73,59,39.9981,40.75,40.86114,40.58539,-53.8524011396781,-126.128453062033,-4.19770847324068,124.968393202721,35.5845458085595,11.4920885156568,-28.6975158592765,75.6738125776152,174.595757004621,3.42937371018125,172.333030490464,-166.971344639706,-213.064172183312,84.4568513722899,113.203765026018,-1.02901722335324
"SAM009",24,11,41,30,21.59362,24,23.58123,23.62882,-122.514754889373,119.22094069829,227.70788830325,83.5061142630784,90.3978968798437,-134.765807954936,70.5410724971415,154.525143342301,-45.2544675687518,212.616615775055,129.392834584506,-265.115941855288,60.2968237228938,-126.646372306245,222.953191204323,-21.4193976246291
"SAM010",45,35,55,20,46.67597,45,46.40415,45.86823,81.731461927561,56.620498724915,-55.8707750861575,-24.5893342721362,-61.1056734350439,42.5134439745792,49.9851905497978,-26.5534770212858,120.744149448562,125.375109171522,8.57119081835852,-101.53991293888,35.5017296298235,30.611839028705,20.9274745993129,195.849789957317
"SAM011",22.5,0,56,56,22.23556,22.5,22.81328,22.81738,-98.448533397847,97.6257981594392,148.619606724544,167.807356780976,-123.634832804697,81.2779816640237,-85.0827587873524,-4.74771644777658,-11.8427483385878,-8.28633824547778,191.075803288018,139.349787829618,60.3371432446221,-131.363684364301,-1.91932371944445,14.793395199463
"SAM012",44.75,23,84,61,46.71759,44.75,45.01597,44.92967,-48.2041178773396,3.48510978343355,142.540250110334,-41.8846537360089,-109.265389176626,-49.3793537716263,-117.899745271583,18.083101456635,46.9691623129345,123.442552883923,-40.1182408298677,-88.2464577908376,4.13333352955433,12.080234314108,222.17877469179,-194.035011801721
"SAM013",34,8,68,60,33.66197,34,33.96208,34.11081,71.5007995646496,107.484665831044,132.804252351726,135.887031040156,80.9124124442885,193.279804574461,116.125136258898,2.74114499976075,14.9871626633073,67.4506743124437,28.046407196703,-138.597126490441,182.270542087104,-46.6564236132049,162.101533336417,-67.6795724710061
"SAM014",46,0,70,70,47.66459,46,46.02179,45.83539,2.8335905831046,-23.8601761180874,-52.9380307478522,164.321223810303,123.190148479905,24.2274596694427,93.2065550553445,-10.5432060576765,-67.4023652009352,12.153467701016,112.82871316476,188.615420855039,121.941018907623,9.54195758529263,112.378825685946,116.009996123838
"SAM015",30.33333333,8,73,65,31.42781,30.3333,29.75862,29.59493,16.7860923070911,-176.88476890863,91.2063059197579,-34.7363437224815,192.615644509575,17.3071176296094,63.4789576560392,254.821312902328,-103.407627721094,131.304238662205,188.71472693526,22.6561525153,119.805283708809,102.081647494611,98.1999889174397,44.2829528668857
"SAM016",11,4,17,13,11.68942,11,11.44182,11.45509,97.7416577579021,-60.573677932757,-5.34862717475949,69.1854949747665,-155.15825182654,-80.5752963097708,-51.4445122117309,8.31611223513669,25.7617644865672,-79.2513404433126,-20.116449671997,-153.809180066785,-72.3783369619888,-58.7905168993927,40.1660149925957,-130.112240671749
"SAM017",52.33333333,24,80,56,52.11038,52.3333,51.38849,51.77854,-143.628839001054,76.4036154367499,114.55233481288,-10.9558319115426,96.7103380083066,76.9573014739388,-139.602932784652,58.0541307580503,-94.6901533988817,14.6244386276829,127.897818117529,41.0584096772451,33.5444316334373,-212.120308718006,-105.482731421159,26.9280740842059
"SAM018",25.25,2,41,39,24.95104,25.25,25.16762,24.94768,-7.24504306176082,38.6326098562374,92.2017471467175,-28.4096511105782,-38.7442487709982,-167.846504439552,-18.2094066735028,-36.9799087705641,152.619912277388,138.535795518209,164.291209906733,22.4517902475496,-97.2022023286857,-24.1838338200568,3.00943444644999,129.263137779754
"SAM020",32.5,13,52,39,31.85869,32.5,32.32827,32.19768,-165.360163698732,-55.5636016287242,-11.2735993384853,170.257786826557,29.5022908344833,-164.083466609566,-219.989577413475,99.1192270514604,1.99432526684385,-27.8287157134364,22.3081674949015,-31.854743743654,-48.5105031776858,108.892020373594,301.921569033912,60.7655266005151
"SAM021",32.33333333,5,61,56,29.48933,32.3333,31.71292,31.82445,75.7585954932216,81.0557598849705,89.2127445718504,8.14775338076777,-85.9117160621609,47.8751967618489,-76.3048190243442,81.1653601062473,-50.6231299609971,-102.748001123657,42.5779068852531,87.9021106079894,-19.5493015590478,-151.374034611146,23.1098054312448,-30.61043974794
"SAM022",25,3,44,41,27.54244,25,24.95538,24.9731,-38.0829746829056,28.2184958659951,138.353043615537,77.5778174481776,-108.278606801503,45.5458528184186,36.1783299950557,3.13961482068612,-59.2364605467741,-169.691860874151,11.5143191939111,176.180847288818,8.09133590439266,-319.677252360313,-20.132646877868,82.8894479838729
"SAM023",46.75,13,94,81,47.95979,46.75,46.78183,46.79196,205.652604852011,112.816995634785,175.306816266795,121.615923368238,50.5767289057081,121.240484057134,-82.0595467452878,45.8408376820762,-7.8854288998699,201.303155560772,-22.3720751184781,95.6645465361979,-20.5709274214546,27.5473251489212,-29.4000218804325,163.720736889687
"SAM024",10,4,20,16,9.7764,10,10.48721,10.38624,-108.130671278796,129.042032802536,56.907688364967,47.0787635951666,77.9406276364158,72.9971824096358,59.425997650682,10.7575453743643,-106.797417968823,116.600782580805,131.195403204754,108.705521089424,-5.2159431340315,94.2201007277457,51.6705465298839,13.1252013112563
"SAM025",34.75,0,63,63,35.28296,34.75,33.95566,34.17226,180.566583648141,-13.5939989974788,-64.1417437066736,181.680119961381,-268.853722947902,-144.394997370049,51.488401174902,-72.6718276999762,67.2067140357001,-44.652607501603,298.727605987034,-60.8170877883174,153.678800540548,83.1569472689035,101.69117444103,105.565277696039
"SAM026",30.75,0,48,48,32.33999,30.75,30.60456,30.65425,8.66643200692026,94.2539635646348,-230.098275923121,94.9350863775415,58.4356400195804,286.907474247377,139.179950622564,38.1206180753651,-214.324540832162,-86.2876381967674,-38.5161644519692,7.26989076140271,-45.2475499412238,-115.109553661619,71.7685860367255,-68.2596854929456
"SAM027",19,4,44,40,18.37067,19,18.9764,18.90425,138.549790977183,-74.2939985329021,18.9689983401847,176.82290994641,-202.682814222926,-153.335251534269,156.527722065287,-67.2527808734384,-32.1230280507758,45.1851026805589,184.178332123471,-11.2166774018387,-24.7166924289814,-147.78072005904,138.197393160573,10.0437814720562
"SAM029",56.33333333,48,70,22,56.69225,56.3333,56.4512,56.69662,41.776271561168,174.437615953234,34.2545656220363,308.903467219328,-66.3018792937458,2.14872125298568,39.2065431925898,9.6982893241987,94.5488179098345,-66.8858787328414,53.6754499321325,-51.4698416885294,-140.352466974511,72.1490087653218,160.402563692144,51.045241508382
"SAM030",56.32142857,14.28571429,82,67.71428571,55.54996,56.3214,55.90601,56.01911,38.2499787402995,217.044572828895,8.66898674705051,144.975133943623,89.3013240944699,159.792676254625,17.6306663404434,138.707083977583,-59.6703999283135,187.484734705715,11.6789993248234,169.11195874078,57.718130947949,304.673308057829,-105.026059455033,157.504618929532
"SAM031",31.75,10,75,65,32.00253,31.75,31.91657,31.7231,-100.256680124942,83.1665406099443,93.815456084688,-44.0408805765418,101.955358715245,-19.8242038772379,-14.0492113671114,60.0637610269739,113.713786149639,33.1858058447938,-48.7617059926669,132.658844460532,64.3832485415813,-130.639672831539,88.2732451358306,-39.8886197706643
"SAM032",37.25,0,77,77,37.14327,37.25,37.30955,37.36081,24.6288638133315,-226.8813176085,247.904860633487,-50.0622795645489,176.649441117742,293.452071628061,56.6928343710067,113.380526053298,128.103006983842,-66.9183820448951,250.289201499361,134.792336828155,38.2303601143631,33.4092760846305,98.4269602935665,-165.194685406418
"SAM033",42.125,12.5,69,56.5,41.1822,42.125,41.12232,41.27183,36.6130027683388,42.481831932618,64.8642092010863,159.355232433552,165.995643835979,-11.5088922601627,-88.9959430989719,-46.9181557215531,44.8928714814646,1.00936787103803,77.2502075700595,-30.3441642632872,129.038981344357,-3.9296394729886,70.5939050154061,-98.1831348916132
"SAM034",32,1,57,56,33.11077,32,32.34912,32.38624,-146.208969811279,-292.361554682479,166.140003242855,1.32444484526956,102.237141027946,-118.920631500578,-112.083293639354,-84.0267997777309,131.657293364507,-137.767111701827,66.1196268345558,-12.1003195390387,56.786717509378,-14.9013692234795,120.701768464812,17.6777306092923
"SAM035",58,36,74,38,59.33829,58,58.61717,58.38624,43.7958907953372,174.900863243438,33.2102051777147,71.1344420487113,148.887715568015,53.4569521339366,209.08045830249,123.712816703431,-16.6064966370058,95.1217797114638,98.1189257777541,137.038540144992,291.59676165081,29.1647203074548,-58.7512818196065,134.854919088807
"SAM036",34.33333333,15,50,35,36.07583,34.3333,35.18386,35.06385,-161.047944874233,146.320247857081,-52.407482887854,-139.47490216987,132.601608500074,-79.0096159010018,12.2984799689815,84.0759359244795,-60.9291710170843,-47.7294248408284,-65.2296921613446,77.8392600329757,-75.9714658967012,-79.063379111415,51.7682412672136,60.9824640474359
"SAM037",18.66666667,0,52,52,18.57984,18.6667,16.90822,17.1938,-119.07469518626,1.45932871676012,-51.6959730848772,-23.0279420961749,45.9313435582544,62.2846896882799,-159.22600471089,-39.2456043235039,166.967774111779,88.8915986839331,124.007989322958,62.9523812098765,11.7517492077399,51.8780372677895,60.9517821159993,-98.0794365223755
"SAM038",48.33333333,16,74,58,49.79411,48.3333,47.4662,47.59493,-138.692141828514,-30.3374262778452,108.01030179066,-113.512192721393,37.5551699250235,62.2075553118142,153.200625342969,116.141374007392,95.2532788710279,41.4375376042862,176.000098736686,110.5909635619,97.1036810765285,46.1758532328038,-260.504631410417,-53.3445931924417
"SAM039",40.11111111,16,78,62,39.47363,40.1111,39.92983,39.9465,114.370166131721,26.8103829519289,144.440617378933,203.253676680508,-5.24931814543209,147.532919815328,-81.6886468898412,11.8217630307276,110.109109258667,-25.7931364367333,231.960345691957,-137.944127428023,100.652674123883,91.5766988073474,44.5143620229925,88.9184580609963
"SAM040",48.66666667,17,82,65,45.64849,48.6667,47.45486,47.74464,50.1475960085459,-145.185171254433,391.833668698115,219.673804242372,-72.0771533522056,-46.9882437473168,188.188898658797,108.365691204544,9.95902865904284,-80.7567179651454,163.462419168441,191.096443904055,-81.9834842609368,50.3737982145705,-96.9763220242958,124.552962755785
"SAM041",33.5,17,45,28,33.31177,33.5,33.59682,33.54196,3.57162543923103,99.0165328764233,-24.7901531758767,-28.1225706784884,76.0978083040607,131.263890115514,82.5164769311351,93.3891731881139,73.6004053029872,43.9899273489099,-165.973085909978,5.07379374891116,3.02411996252479,-32.6967548422315,33.0372049216777,-97.3545626642478
"SAM042",35.75,0,74,74,36.33043,35.75,35.97201,35.86081,-64.6357648015366,-9.29084069147378,13.2924734760153,30.0906218542731,129.403000304132,133.545279892294,86.515715351283,179.59425494639,39.0499192214862,118.060195805884,-78.2540818815368,98.4610408959821,66.0759952444638,-62.5721759814778,-43.7096529686518,40.0424323345309
"SAM043",44.66666667,34,64,30,45.23636,44.6667,44.25251,44.11188,51.4540857883077,-70.6831292949161,61.7403915507401,74.6456053887704,22.7881395807231,9.43406971219076,3.9240833439895,63.099975574883,159.89771533239,205.628446569869,63.8102598965361,70.3385127267644,136.577432455061,96.5563594201771,191.043494060825,171.864656838488
"SAM044",38,29,55,26,39.94655,38,38.19367,38.36329,91.047104653718,46.5243788698934,57.3969846822931,-95.5505253256294,77.6457705600875,27.5371462926515,-43.6514532881702,92.3984390571455,61.3044400218869,-117.428369511971,172.958558631869,-17.8593711235956,142.585479161879,298.827514362575,62.0012865812887,-42.6493243721447
"SAM045",44,38,56,18,44.03227,44,43.58327,43.16979,164.694005249775,131.309211277545,23.6921310315385,-51.229034009557,70.9979736547619,185.871507870628,-99.708610284904,36.3917043059854,204.890586820992,159.557697436787,-20.2368783808471,23.9109320609131,74.5526850637244,84.5795240418496,163.323299082918,-69.9286166870523
"SAM047",47,13,89,76,46.11637,47,46.0048,46.07798,145.645048697777,-41.5563773046029,55.8408502614901,169.534491960151,85.7897017464072,-5.85910675840297,214.719110970536,8.20714664712543,-39.8330686610989,-15.80320135076,74.864227267858,210.700840473244,270.341859515473,-118.452600249104,-86.7376723495056,114.072634676095
"SAM048",49.66666667,28,74,46,49.38847,49.6667,48.75621,48.92826,1.02299766215608,24.3215366673438,167.242265271243,-120.31094529695,55.7630780064986,80.9639931538312,-135.216854768208,21.4027357301294,41.8791219310372,-116.702530346345,-42.3594341604469,110.232599160687,-43.670504185891,-27.4031633094621,107.347546885337,-142.720365781103
"SAM049",49.25,30,68,38,48.25155,49.25,49.02333,49.15425,52.9001717830742,78.1568330794128,80.6817173038297,137.475906579548,-105.876973881476,45.7044402705315,256.782594789981,5.78945247572361,215.497304628679,21.7812981702278,31.1941253602314,7.80234425853524,183.131401037302,-27.8005632479308,157.79138744031,28.1486102868122
"SAM050",20.5,2,51,49,21.15186,20.5,19.94457,19.99111,58.4903482375417,-119.738681794022,67.4656478474245,170.9336327128,5.575684117795,16.6859148707455,100.062239687197,16.3036154854988,15.0930659175572,72.3295734332738,175.127744570449,180.120487708848,105.84534947111,50.2361695858061,-97.8926032240048,0.348307769764872
"SAM051",45,12,73,61,45.286,45,45.6062,45.66166,-30.2180815681212,-12.9447444442461,66.5008172661836,104.921630406608,133.616485409799,-22.4123248879821,-56.9767088985988,13.5690813807015,122.684609291884,54.8305219669897,143.101955828922,-168.718606495685,5.46207053452931,88.1380697463384,117.541358483012,41.9493345431364
"SAM052",30.97222222,4,55,51,30.13103,30.9722,31.03462,30.80761,-12.8167972578004,91.6365367048662,12.7506111488277,167.651828563043,89.4053663881624,76.6488518684853,-92.8388270896661,96.5507244429402,81.366245685725,-105.186788021204,214.035600191591,-11.9467048498409,85.3477576949663,76.690686678055,27.9701746486373,134.086165568915
"SAM053",36.25,17,78,61,35.4899,36.25,36.16142,36.15425,-13.943052001402,114.682382187381,162.545922307598,23.8602663145039,-113.323472071833,30.405005542516,136.32689723396,36.3466951512323,18.6956380437738,-110.906508907603,134.571629726337,151.272939993302,28.5855727729579,106.92366821677,126.869974267718,-10.5184480616457
"SAM054",41.5,16,79,63,41.37671,41.5,41.25659,41.05997,134.450474608992,-66.6416308874646,189.322220112617,22.2939965894754,105.518412742657,16.5959998618145,44.523539528616,21.1884018663745,121.830527679166,42.9210617489658,141.076159189967,-63.4998722785971,68.4493538264373,172.123242295049,-77.1439726910894,204.715384435567
"SAM055",47,13,89,76,48.35161,47,46.57646,46.69768,5.7394571264922,83.3955722567586,64.2239151592364,204.656821945456,10.1377782814183,-31.1428890480489,32.4505665682051,165.12927475793,-11.3773743331146,-46.8581248820352,118.363319440626,-28.4127232950388,25.4402175137939,-21.1722104797904,62.2642581578862,-47.6140431416415
"SAM056",31.66666667,17,52,35,35.29767,31.6667,32.70577,32.48899,5.58962246181874,-71.3258514951181,-55.6301548831935,10.0047799648628,78.1395042693239,7.44173364362955,158.499139286062,-43.8008481570572,-4.50172053929647,240.347867875332,-21.976883122959,37.9682678991763,69.5970543174092,62.2186213621825,122.116419933314,42.9036520668519
"SAM057",14.25,0,30,30,13.49972,14.25,14.21543,14.42967,214.528501576779,-58.4702634489841,-9.41558790868083,25.6612171937296,20.2063398336039,-69.9055405131006,-30.1137737938714,-97.7491426130639,-84.9575561581133,-32.7204349737792,-83.5075192880707,-39.8863406661467,-12.2643521941548,-66.0369784498469,-132.080282840562,101.010119952389
"SAM058",58.33333333,30,74,44,56.31418,58.3333,56.94121,57.04408,36.7823859970973,81.2470161343585,183.216649823188,93.2504944537764,-95.1556110998329,-16.5567321363426,105.677234706258,-76.3664192396556,104.055953670115,114.265882223114,235.785240378383,15.7173796903835,-34.8753768418174,92.332885538071,-106.50194172093,224.152077301433
"SAM059",29.25,11,57,46,30.62409,29.25,29.73051,29.49853,-137.30126708375,-52.3838375100724,81.4207732191392,153.889304558656,-24.0483398123444,49.1805015005746,-24.2207241536061,69.1453970235821,107.490439949951,-30.4914718394129,75.9901202357333,110.07188214814,152.972818574408,-21.6931494823896,103.347503786181,-173.072274073175
"SAM060",23.75,3,45,42,22.53054,23.75,23.53765,23.44768,40.2865750715396,68.6506814994922,-48.380939737343,152.524047002291,-0.154758611741734,-31.7972540998135,42.5190422453926,57.2925790625086,-111.7449224889,-146.607446190752,20.3183469437623,6.24216747425092,112.516742027202,-23.6636564709517,130.601746780018,142.303139904666
"SAM061",68,65,71,6,70.08983,68,69.01711,68.59281,206.706729998617,79.3132757843582,-3.45121452684577,-71.4730311914509,141.170902074279,159.348220572922,107.179707893507,112.305488623185,158.708626692796,148.045425107855,227.112371313339,-30.5956399981846,-100.274458690332,50.3806360239952,59.9861199797425,84.1822360456679
"SAM062",15,0,33,33,14.85748,15,15.09824,14.90425,-135.303448886644,230.554832978864,-37.873297068111,180.844283547908,-88.3616177222651,177.520248852857,-5.39366814290378,144.726971198159,-13.9470196107936,30.6754940361598,-93.7351073648071,47.4261615435395,-23.8663130891185,153.863366049018,170.52840896428,-114.04732055143
"SAM063",41.25,10,100,90,41.82401,41.25,42.42722,42.46251,55.6582294616654,91.5459552514763,13.884083266778,-12.7703183157702,31.6913542919174,-7.63938103907382,99.5970547193674,148.875295883826,-25.2140453742661,181.223863480821,115.445779316049,136.865098239993,149.145233985639,-7.74669311319022,181.711772735686,-144.841313169007
"SAM064",34.75,10,94,84,35.2941,34.75,34.5539,34.44768,120.556964650553,75.1667466643094,-50.5247560571649,-132.080009048818,47.2350828489307,-1.3370833526427,91.7558438952522,106.151572023733,264.99316328685,71.8127073253714,87.0945214640993,160.254139655443,148.187126486634,154.346587609545,80.1395361662218,-48.5167228084798
"SAM065",57.5,31,77,46,56.95576,57.5,57.67997,57.74853,150.779835083179,205.927961198465,-185.471296500708,94.4069990802252,-9.88155107401062,61.0430230202263,170.884821815153,-57.3315298702394,150.964602085763,-75.9321754479271,83.2863819933115,166.973046022663,-49.1077695748092,128.110307441411,118.049363033721,45.180051497586
"SAM066",37.16666667,14,88,74,37.10262,37.1667,37.5626,37.34634,39.0338954707206,-179.662166030573,11.1707834086008,51.350907765241,99.844933858295,76.9736659755641,-71.5120589222531,35.2598394386247,-104.290560239582,-25.5204331319484,13.5422347593042,349.253068404372,62.5058602770525,-89.9063376358739,264.963519275413,111.561244083721
"SAM067",36,3,69,66,30.96859,36,34.15775,34.25171,37.7273129442649,-52.017488130377,183.779859815007,128.89745190246,19.6373748514317,-36.0567641314285,102.040212013998,116.501332174376,110.807672582507,-3.66008647851735,-39.933444070982,44.0265101492918,-1.15042898607629,-9.9076147827442,-97.5030580795945,-98.1673460761217
"SAM068",26,16,50,34,27.5341,26,26.99994,27.0748,94.4513860798578,-25.6740265631094,53.236036341814,82.5729818819327,156.526784812236,-62.2622421931765,246.802200750434,24.4442438226026,69.4160963253001,-61.1371762733341,67.8726517446161,72.5999302934053,4.84866530335328,-182.854589637873,18.269514760649,108.000895720661
"SAM069",40.75,0,63,63,41.31515,40.75,40.59166,40.7231,-120.743256516275,-238.617807311552,75.1329176430959,-29.7567642500748,202.176978774594,247.901586461618,10.2456863345495,98.1304964173756,48.6551037293421,96.5202830404535,1.47687989712638,-23.3889694550027,-13.2307029318689,-77.6985894598883,178.433952777618,9.32756764813581
"SAM070",36.25,15,68,53,38.28893,36.25,36.591,36.63624,-25.488606175254,161.666332678776,-0.0237559553401496,59.5591621661793,-71.6444162510979,-39.2491236315057,-70.4738646816817,46.9961665200671,191.523501054058,-172.783489510492,129.359192395481,9.84551187815583,109.358500959045,129.489062142478,184.414631065784,45.3800997684441
"SAM072",13.75,0,28,28,13.38122,13.75,14.06136,13.86081,101.386766036426,80.6549387215462,35.3082390073051,171.141894458159,80.3063370736352,-60.8479599203424,-153.936429990301,-150.948123507656,102.994163945244,99.6186515164377,-23.996623690377,9.04189570132888,261.689522493536,143.108391793733,211.522026484541,83.3123677614491
"SAM073",18,0,27,27,21.48806,18,17.65786,17.81244,40.6986949026869,42.445566819275,66.3356657865855,-132.87340148686,27.1363187757765,-58.323044667792,-5.5188744836201,-0.535271839313065,-35.6466687707003,-98.9497837937883,-10.6389782675141,-67.9036885252669,-69.3765305554865,-3.39084624695756,-156.64282877098,-24.8757426237391
"SAM074",40.33333333,32,49,17,41.71573,40.3333,40.51808,40.513,17.7216552999258,-47.0828620121822,-188.833200293498,51.9966209947117,81.1960210353498,-25.481724106157,242.281678989177,-18.2402823833139,-91.7734561088454,76.024541285784,-2.99823138870783,-141.281176032241,-71.0407435715782,193.051109510834,116.142253370715,97.9881862464557
"SAM076",4.666666667,0,8,8,5.55093,4.6667,4.64496,4.3873,50.1348860574378,-130.3763268161,10.073331653743,52.4462449601858,59.6956111846988,78.034682767247,-118.926804318409,-103.228165666677,-29.8054501882149,-90.8378996763288,-30.8303960060336,-76.6361243327796,-29.9206365093048,54.1026831386558,-26.5856217330455,41.6964624829098
"SAM077",38.5,12,50,38,41.33758,38.5,39.36805,39.36823,123.613517556946,-59.2991967103038,190.194834370623,162.238985854744,18.6456695732779,41.9406585425736,164.932891257227,70.6556709031849,-181.825321684638,130.139202380876,134.024141414821,247.569504448719,91.4387707940368,41.2931486460303,58.6744137875709,-56.6484168259783
"SAM078",0,0,0,0,0,0,-0.84357,-0.92202,-201.942125986591,-22.0439472479372,-135.336065535824,33.1737610971241,149.410693513212,229.374198537631,65.7096879993033,-161.998702343636,120.107866605052,223.22438892169,-242.877203403317,-224.818389544481,-64.2975194913569,8.36756365469173,-82.3741002085306,87.3235201671856
"SAM080",30.75,0,65,65,30.46796,30.75,30.92327,30.86081,-14.0778770258658,125.573902542656,7.50043058994321,-70.3709786112982,-2.95573910769498,65.4439866786897,20.32657843981,13.5075952811709,40.0291720204158,11.2205991857388,2.2061333784903,24.4911469742525,220.365718233369,216.643308095842,-23.4370115607365,307.276221399004
"SAM081",20,1,43,42,20.825,20,20.05428,19.83539,-9.30699074949917,-86.0330249657469,79.8297751841285,133.618428280387,-3.32323574837986,-31.1985462331153,42.688994140753,-45.4779302057055,99.7959220405537,108.906450442678,3.66834927718976,-19.2071052261771,97.2866376366578,87.6400000532471,-15.4945421454412,-26.7630965502777
"SAM082",28,5,59,54,27.32835,28,27.59271,27.69768,-46.5514155060952,99.8030100703908,143.482480056999,121.50613660758,281.077790333751,-150.218186221796,-91.5305350868172,19.0749312194983,225.857099300096,99.2589025826774,36.5148589239817,-98.8791386602635,83.0692186702253,-51.6394104619805,22.2863446197602,16.2836794544035
"SAM083",31.5,12,51,39,31.14885,31.5,30.81888,30.57798,46.2971263937531,-17.9262805840411,270.466522217417,203.381251945513,123.474091177562,-102.708423587589,-179.222679511676,89.9683485034742,-21.7609035918601,113.983954284565,54.6418288470548,33.9033712631956,44.8216109313337,-31.9046615545572,-5.04427705671144,5.55390122950967
"SAM084",39.25,6,55,49,38.01967,39.25,39.24457,39.36081,177.320541132956,173.380609274059,38.8436227283829,104.303682264384,46.2710494713463,82.3270257163858,140.346036003562,182.431803830627,169.952332293926,73.7887469254207,121.61726078305,17.0089840295657,48.5767824183722,158.425310415359,165.755554482094,100.700484495122
"SAM088",28.5,27,30,3,28.81183,28.5,28.31344,28.05997,148.023640669499,-31.1349733650708,-83.0423065617941,25.5294777592472,-22.6320756937376,-68.6853605118034,-146.349485114788,-129.983906682522,53.265740376447,133.098659508148,112.359305460598,96.9570974851759,120.980355648018,-116.527213836955,113.17832030776,-220.05361676864
"SAM090",46.5,11,86,75,48.51664,46.5,47.49659,47.50594,248.700301075582,-52.873298470829,220.38070109461,30.0444110084018,-16.2862666153188,256.07615408864,13.4472294718305,32.31989208874,-9.87141457824829,57.9147969331359,78.2989519672664,133.18446793167,-28.8191683451971,7.58707169863136,-26.7137655938536,-26.267214142626
"SAM091",19.5,0,50,50,18.57369,19.5,19.55478,19.67967,-38.6311692765188,-0.922425121455507,-17.2068512677977,-134.560419173775,104.634593454672,162.656129652636,-65.3083215387963,-216.553640312009,27.019263261658,-181.702624792045,67.1311647767179,184.991286614279,51.0854455190986,186.021588100437,98.7985213025116,43.7858168760914
"SAM092",26.25,0,63,63,26.71941,26.25,26.73913,26.84281,123.021014610279,201.365499338144,39.8636329418548,-68.5413473786785,41.5971117759626,104.405146558221,0.738103561462012,59.5151030087393,81.3119008949687,-108.36803581317,36.2189245301313,36.7201259101956,-220.839486427527,75.1461854549378,269.853472261694,-19.33110528939
"SAM095",17,8,23,15,19.29417,17,16.7464,16.62882,157.895542836801,7.79545543131005,124.43863421866,3.55825652778629,-151.448328934603,66.9690468462465,73.086912013321,183.339528419823,-145.544638582986,-1.86240626410627,-141.045345432881,-0.959781059185532,20.3607841477317,109.53233096917,155.173774485593,-114.717670339049
"SAM096",26.66666667,10,46,36,28.56856,26.6667,27.94281,28.13165,44.0127248336394,-25.0926835118843,17.0035506487934,-62.0553525511076,-43.1200099472238,-6.94702003027582,-25.1054212899211,-23.3319675469166,18.9475085447263,11.2698974317795,-27.1788127176339,-30.8876970353311,166.135182194645,203.790975808142,34.1428108840903,10.9575489657887
"SAM097",35.25,3,50,47,34.66707,35.25,35.44814,35.70509,75.7727218315676,76.099285405711,264.227999969843,58.2250984436975,72.9014219186781,40.1479370980497,-55.1200586338433,208.903441187043,96.327952385474,98.5786512986566,-11.4846183873967,142.210451775536,124.658546687822,167.810163116423,99.8099156258033,103.323426017012
"SAM098",25.52777778,0,46,46,25.6,25.5278,25.51037,25.22546,-34.4832550987452,-64.0036832221081,-46.3407548915909,50.0396798997204,-18.0090888206894,161.634968412628,99.3870524056289,41.355159835001,77.7355037956129,-155.832089483251,111.54616951935,-46.091926579951,-65.2205850948973,38.9757989947018,-8.35059963353141,119.755768391893
"SAM099",20,20,20,0,18.20596,20,17.65984,17.70086,-6.10450873307609,8.76420784369533,-67.2714186966295,-20.7735573903395,-120.79152251087,16.5422821895308,20.9138656169716,86.3707176310425,54.7494281312567,118.905759477106,37.3174319120507,142.979638747306,-66.0933877504916,123.687462828465,-72.8261797771106,-23.8865412924684
"SAM100",57,25,77,52,57.54439,57,56.69353,56.76654,204.415941001981,34.7775601521247,213.113542526729,-13.2209222414273,-68.6375686504048,59.0304038699896,158.558879384246,114.209920976804,-35.0049176469107,87.8303500954074,150.507719836734,94.6274602104581,27.4459937894048,30.8838188471798,181.877038654705,61.3461865559055
"SAM101",59,24,80,56,57.91183,59,59.40741,59.24853,-38.5823842618498,-106.142339264747,131.088469806795,-99.7835700794044,-69.4416255788317,49.1317880631878,-50.9030751502984,30.9708732445541,-33.8042209789029,32.5987739347544,98.4001768062836,268.187548033019,43.7386697683352,-5.35488312768291,87.6418319046797,68.3854104829034
"SAM102",32.5,0,69,69,30.56622,32.5,31.68079,31.57798,245.521487704402,-57.7327246800366,226.095136994639,-8.38187828377903,158.466439440128,-107.971397993531,42.709652406069,-212.087603807807,91.6753260576833,21.6037236053478,54.5340976464612,95.5339101817122,323.074633644551,36.6162252063209,114.375355101442,78.6978864207683
"SAM103",14.5,5,36,31,15.35483,14.5,15.62656,15.50594,-11.1148255909409,92.668735260796,-8.63816406906497,-2.00424006189388,117.823850301247,-17.1033944006461,123.378008606687,185.61225634403,68.3738063720199,32.5069956526918,-79.0500640759066,121.61326021441,108.504675748541,134.345814497625,-45.9517623958519,8.72225296395579
"SAM104",40.33333333,18,68,50,41.60564,40.3333,39.06035,39.04408,55.5819340356111,35.7462611263497,-95.0135974105188,-84.1400405505589,31.3269675685207,-22.2170522440037,161.964287895564,-56.9191772342652,104.001239585961,-87.2945706587637,-60.4664014120199,-46.6677688345514,28.8755401734544,111.485238369994,-57.7704999027975,42.2061851249634
"SAM105",29,14,48,34,28.66921,29,29.5068,29.45509,-139.007989708727,-46.1414033754389,58.3196463464313,-130.515963781873,63.6607243446534,67.8316464497619,20.9460602442928,125.75729571879,-62.9596112274156,49.7047596394557,-44.8875773148638,-19.8033620840571,-34.8643526450288,193.020085433492,29.6211470678994,165.545715103797
"SAM106",18.5,9,34,25,17.93595,18.5,19.45933,19.5748,-101.683327391619,70.2701074974812,35.3652999305413,93.4638056337209,132.609714664938,-85.0907588554539,-12.2449354162008,52.0994841927042,-54.6807527728938,-104.87989695635,167.122931041858,-119.603151712413,-196.920235042634,-133.656370980219,-88.7326835930172,50.4286691388819
"SAM107",35.66666667,26,55,29,36.54425,35.6667,35.25887,35.02007,102.432974261459,52.467831378329,83.9873440226308,-127.770231537578,20.8414275226496,5.02650796479086,139.583853992394,-44.384041501117,14.2571367189279,26.0288647852234,117.220304511589,24.1981950617335,-59.8284129566108,38.2779505398087,194.924242500402,51.0928299526429
"SAM108",15.25,0,36,36,14.13281,15.25,15.14852,15.2231,235.401479542623,125.367949026453,-43.1572172830058,133.471114153128,82.0153387757202,-24.1213322144809,69.3635094744321,-46.2942152607521,-2.84001729774385,30.3054946053415,-104.753046144682,-94.218269025669,-55.2130817865216,60.5814143545587,79.8915930777139,23.7280670571707
"SAM109",27.25,10,45,35,26.65944,27.25,27.50927,27.29196,-51.3020841055046,-91.3041403454451,-2.33829967809903,208.644325428816,-36.0974744547125,95.5195386349015,-91.0240714136596,6.46777350546242,40.4450810249881,47.2436763158305,97.2374974416041,-79.6201182644322,-58.9897382149134,-276.459660392945,117.721551227039,-71.6817201137036
"SAM110",34,19,60,41,33.44997,34,33.58601,33.55997,-88.8723680362547,-41.3689602200448,149.940559431059,-123.315053573311,-148.436325929521,60.7298750348212,-18.7809942470276,102.137372812316,-22.6360303496717,14.6711021122454,-39.9578391722626,41.6199565195944,30.2721729047299,-80.9147162187812,179.022035809741,95.6533912458313
"SAM111",18.03703704,8,25,17,21.76394,18.037,18.59258,18.49213,74.6564796026351,15.6352103743301,-44.3670535534076,203.060866870582,43.5106358404805,35.9873158804679,169.299063906893,-88.0925376190758,185.053838537824,161.252542534622,68.5084691092268,28.2408674546826,72.6307220943295,-100.32468625297,62.7848819315201,-61.0609279581501
"SAM112",12,2,30,28,9.80626,12,11.25647,11.3534,73.22755719061,-4.13691396584847,-96.4033931578368,-103.376864798568,-72.543929936181,-28.1713689454575,58.3159630661256,52.8434565751809,-22.2518389256795,-153.157420299389,64.4887956974434,157.089805693053,15.322911272028,70.4074523871486,-42.6520480428336,-72.4566760268783
"SAM113",39,38,40,2,37.60578,39,38.77861,39.17967,188.647125290111,102.117520765704,139.160056475208,70.654855926466,-82.4646364263546,61.0333104320268,58.4575173329376,88.5234324321902,167.799247100972,17.3553473041443,66.8242780293156,-3.38432857135716,-110.119112600381,46.5083002162581,6.45361570562293,3.89426689044122
"SAM114",34.75,11,60,49,35.22764,34.75,34.42536,34.30997,130.477522324962,73.2962378309104,100.672328812052,112.090015865103,147.535006523015,-89.8810159945761,144.495925074929,-10.7215393635852,3.12031761342303,-38.7322698480713,-53.1955142028976,-34.5542764162973,70.8853023793981,75.4026876916518,113.47225592895,91.6481854093109
"SAM115",48.5,30,60,30,47.95342,48.5,47.86477,47.8534,-82.7071186547665,24.1924942372469,199.130016355725,-42.206109763247,-45.7060787069041,118.57825902616,-45.0428422992991,26.2316349224383,-27.3913695022416,134.44820192993,-53.1290258281515,70.8956858248465,44.6289507082881,-72.0886091652404,27.5147465979041,36.0922882333768
"SAM116",26.75,13,40,27,25.90852,26.75,25.98623,25.96569,105.803104967078,98.8425939773797,24.9997768310441,46.1122485187049,118.214726301185,74.5105205358338,49.7876096705875,-40.8248851866011,46.6758597675598,143.828398378481,155.847622291869,-166.667812048287,-31.9179663319452,210.133909390918,34.7395707337762,-72.7355901424894
"SAM117",52.5,34,86,52,51.99117,52.5,52.33161,52.26654,148.300093018466,-92.6026189822741,236.841080151401,47.7020657657696,39.3205881863719,42.4040402233728,60.03375099218,-52.2693242859385,-22.590378358652,22.6759954259369,44.5422628525332,114.80859880575,89.0289240666295,37.222188534434,163.559271824357,-4.50145544840331
"SAM119",47.33333333,20,79,59,46.4114,47.3333,46.76119,46.87035,5.7077391794648,-50.2095111600387,124.38720180405,7.67838829821255,-38.7924542483542,2.27488521025786,164.269050682468,143.132693517694,155.731409344409,-104.38813064381,126.620989885266,91.1269645666508,-131.344563551707,-53.4684187900963,132.012296583802,-13.4865878146253
"SAM121",33.75,20,51,31,33.93889,33.75,33.96246,33.99853,66.6264330214103,14.1134705696494,127.095479277655,56.4399398687613,36.1228534308913,0.847442907747045,-148.500363758087,11.6421633277303,35.5287215948796,-104.032424232058,128.23872652305,82.5925453799001,48.7860293257261,59.8695206608013,2.88102197361157,-143.401663752633
"SAM122",22.77777778,0,50,50,24.98411,22.7778,23.51252,23.57715,-170.280968694412,13.509619443882,97.6814611773525,66.5747038005113,120.463894619897,123.11659248406,33.9489265626424,16.0709443871844,174.56071269311,-34.7576155957597,77.7864651157167,-125.587232323645,45.7665354504163,227.211424218078,58.3805285288961,91.3856930916343
"SAM123",42,22,67,45,40.04106,42,41.38007,41.44521,64.0880467328104,205.808069185778,104.034862361135,99.5169786275035,40.0231165761205,14.969916285602,-37.6514439796096,250.503760869199,128.947912471784,50.1753992189476,134.531926275961,141.957740282478,6.08162611068408,-155.645428366111,-38.8423803261465,98.4458603860653
"SAM124",26.08333333,6,52,46,25.50695,26.0833,26.94184,27.08927,90.4519940080726,40.1123816011142,91.7765815018295,-50.5077403638721,-66.5267447068231,71.447457047732,26.1947337765866,-22.081486683625,63.3412315745484,7.50772708992962,-9.82831833458163,187.281447586879,129.88281287081,127.024460373586,-66.9799091307798,8.82813372360866
"SAM126",30.66666667,17,40,23,30.5661,30.6667,29.8212,29.92826,-9.78376933476298,-115.113238732481,216.591295772172,-42.7527572342161,-94.8575482687677,170.473023717987,-10.8492201664976,111.799750763001,-36.0453071554112,10.7520192638832,220.830905105198,62.9169931557168,68.2412146193508,181.832230169879,253.417964878816,-43.0651528208552
"SAM129",9,9,9,0,18.19809,9,11.87779,11.10763,-47.6835111161639,204.70158946381,49.8614157199735,68.8286546801389,11.890041818555,205.579737659296,-16.6071747264054,68.7103416089158,234.047617538095,27.2805103326661,126.971291394431,-168.986037414557,33.0752858887513,153.465322705722,-1.27570970603458,95.7442161889176
"SAM130",32.5,30,39,9,32.90132,32.5,33.22327,33.23052,86.022233838417,235.958286834875,154.89462663869,4.42180437965384,176.621269744581,-32.5995663305004,125.015545607496,-24.406199603158,27.0982829863725,27.0492326714712,-175.482580265736,134.828616866591,-50.9485259990455,-64.2917995132573,95.7823844639727,115.087473614351
"SAM131",38.25,7,67,60,40.61247,38.25,39.25472,39.25594,-61.2093584641932,286.18966658483,214.674526217559,-81.027792196308,159.661618095825,209.220739040642,-236.759530551875,-36.2960261218646,126.206648108669,-111.892296348319,-215.71242760643,160.665532684308,156.891529780629,239.978264770189,-36.7142783121341,78.015244188269
"SAM132",7,0,20,20,5.635,7,7.81262,7.73052,107.236612357676,-249.193570460129,54.3201499776268,91.4266611666879,83.5923346213231,46.6907454246817,-165.507266499625,22.213228118332,25.3995070112549,27.3791929976161,153.448901817542,9.49066574990627,-143.367808428061,-40.2362766791254,2.91064689199824,35.607119159064
"SAM133",49,31,58,27,49.67796,49,48.65529,48.53702,54.4561554745795,137.62574185362,98.3677257829636,21.0360852243887,93.3827640745071,22.0770397342557,38.9847288455272,28.8793847077937,161.652195236148,-99.711830653734,119.949798870927,139.379694366837,69.3660428383687,-42.0799596537901,180.051310560051,-57.8827483761836
"SAM134",44.75,12,83,71,42.81363,44.75,44.63847,44.51654,-74.4602815906836,-125.507225502173,-67.5355393684814,226.300480553341,97.0602588344745,-22.9809996787926,164.211391701324,44.3671041516914,-66.9473919557076,20.6465879457601,-101.285585477839,207.891426892956,15.4206540616601,-177.800619448486,266.854320073295,-74.1249451994964
"SAM135",33.52083333,0,58.75,58.75,33.52221,33.5208,34.32725,34.45792,164.657239819303,-12.6375669420937,223.547266752406,-62.6832195075712,-61.1189916162775,60.2694214222574,64.859971554342,105.412624727288,40.5941038917751,100.497568220638,-33.6630279376471,-14.9077723549555,43.0438485825872,116.36466364548,244.019909277477,83.7401740480365
"SAM136",55.25,33,88,55,54.95138,55.25,55.33727,55.42967,96.4827927530561,-81.8713787421235,47.3638411217441,-37.2972233733052,-75.0716622255733,74.0530969268684,-163.34129752408,76.9183199837234,1.56701047599677,-106.026144869933,-24.4177078458049,-8.19044912855031,-88.4593345385249,-57.8175635904221,45.3202849595316,-13.8971702769663
"SAM137",26,10,50,40,23.01412,26,26.0981,26.17967,110.279599871894,31.9959757999177,-70.5533281585891,-25.0612648275242,-38.4177495228578,38.8733147742844,74.5394565099084,-3.16617960879988,43.5361290181766,-79.0398680576063,176.558867668016,-88.6471746563863,-81.0940112171312,249.41857109537,-96.3728156694695,129.745579496791
"SAM138",24,6,34,28,25.27129,24,24.03183,24.04196,117.85569404623,65.1033209364414,-44.680089974524,-62.4800511149545,67.4656071124905,-85.2091133530107,84.4821642222292,-56.2066893771082,65.2750976199766,-32.6492118912406,152.13692961536,25.087416785181,68.0399922778594,58.9850337743896,-23.3659933225564,85.3224104170196
"SAM139",53.60714286,31,73,42,56.10692,53.6071,54.28168,54.33766,170.305876120585,120.412819805856,115.81390200965,32.4543350956389,-75.4252291744779,148.238557153394,63.5673150610147,116.79504131685,68.0805234452793,-3.19075128510543,59.3186247973608,154.077471265593,73.8031211674886,133.711473524894,143.496846623532,45.5277367819423
"SAM140",59.75,18,81,63,61.12192,59.75,60.13639,60.06738,61.8001484778336,-73.1358642984721,-48.0904410748001,22.8410482236639,110.374461690066,135.720171608173,-34.0305639696048,336.813885654429,36.4696801743936,-32.8373581125892,-21.6955332797667,102.436139895159,121.043944371693,-14.6036638303359,-9.97670026404142,-15.396737390422
"SAM141",38.5,0,80,80,38.69611,38.5,38.20165,38.26654,119.049118781627,39.4155271372951,134.872499215508,94.0846965289,-79.8637093569465,74.3280352660439,238.7109037778,60.788431564526,69.9206086451696,-97.3392616043945,89.3035047593059,75.1792592227565,21.8978914441773,177.446338789711,-106.310273883314,133.986334326464
"SAM142",30.25,19,48,29,29.5995,30.25,30.08354,30.2231,43.3174863886476,-169.215218728526,112.275649148029,74.0164119298126,116.402578862652,-8.95092315900703,-56.7819383391515,-1.22304592475678,54.5583688697974,83.7593640900161,140.654879811101,139.179027078945,-5.86209168896124,252.868877363833,-96.154050411788,-94.0189440015921
"SAM143",9,0,21,21,9.42975,9,9.61432,9.66166,39.448528321235,89.4040661171105,63.6508133038846,96.5704772863074,23.7917334753089,-9.28263321841534,59.1643000684535,33.7157500292078,-91.9476340221121,44.3757827102154,97.0070882789885,171.168707112394,16.0767109583996,20.8323513150217,1.07937983674075,-49.24272866059
"SAM144",51.88888889,7.777777778,96,88.22222222,55.17303,51.8889,53.32268,53.03254,147.687658664956,72.8434186698891,-2.9150813117712,97.3892991431593,49.2700001913795,-107.421725375273,-46.3177846181819,101.385795663094,-64.3275746196552,278.62232042806,66.4616386584675,128.382824648501,20.4025205875505,138.645943478267,61.0645984501754,80.5674825038351
"SAM145",39.33333333,24,66,42,36.33175,39.3333,38.68537,38.87035,-135.219391344803,71.3027544515042,63.0699171574777,173.098511317499,-160.3285164535,45.6378182563882,22.2092105671044,22.1742041934017,19.8093537850226,92.8337709681237,12.3379231489499,-46.1568048153269,100.991716232846,-45.0480935330237,-37.1567065142966,-11.2994195512023
"SAM146",21.5,0,39,39,19.64535,21.5,22.11432,22.16166,140.649351503451,-95.8480159714811,-73.9021617145157,62.7302928911538,-193.105379088555,19.3554436555811,66.0836763439762,11.0561288292535,26.9131712850317,208.196166667145,20.8657885928749,8.73514591140333,194.732846632816,-100.756499230848,-149.716627714453,241.577890214031
"SAM147",7.25,0,14,14,6.44922,7.25,7.47058,7.49853,-83.9447481898907,-14.3113628847825,-11.0645697834994,221.38043539946,84.3656889030676,-61.5662981948912,63.2996104371091,48.7852943102933,55.1716495345455,61.7439979364487,94.6613910740793,-121.68995352877,55.9258521387803,33.1339816082179,229.172833888512,91.6249745779101
"SAM148",15.33333333,0,23,23,16.69383,15.3333,15.73022,15.4212,96.5164438898843,-80.1640207862972,46.8107491733881,-85.7809850038779,64.333390377179,115.340437141221,36.4345733231345,56.5674123847119,4.61699622859565,215.899624762185,-179.53866200777,27.8610996329113,52.0854883180522,26.7426504149205,-7.84012392336872,-101.765689133931
"SAM149",41.69444445,17.77777778,70,52.22222222,41.87201,41.6944,41.62211,41.59869,89.3551421729759,-227.691505182895,-17.1183516152376,42.4163360831722,159.578871806092,92.6261943995406,-92.6971755091993,17.6381377458917,-199.4218754128,52.5502475546049,170.750301032826,-60.8951642886774,3.81674833012951,71.0482422568538,79.982021761361,37.1385930215187
"SAM150",13.33333333,0,27,27,13.24155,13.3333,12.17568,12.41131,13.4949779623739,28.4226590377703,47.9637098500527,159.831660553903,-112.730705366566,-36.4689132171925,89.0991623876429,105.318052073976,-162.274518877175,94.0605968730907,167.497269218653,-44.4454544457056,116.922230729952,-45.5588499187351,-12.7420143339997,-74.0485058833187
"SAM151",29.25,2,59,57,30.50321,29.25,29.90159,29.84281,42.2060960313927,-130.994570683152,79.2720676689639,235.562207736906,194.024670723646,178.946822764995,86.9777012345555,-62.9948720801612,144.278305258244,157.413857619888,69.2004691969805,200.627832221304,27.5914158704985,-99.769766400369,23.1111318654796,-24.1402497268697
"SAM152",31,12,42,30,30.86818,31,30.6252,30.69768,50.5677706083533,-92.4263825991346,240.366174623128,95.7934298510739,87.5440982316174,152.658901821995,-6.47016032971251,-94.4357748057461,15.0052428119509,125.080033804727,106.075926966702,2.06339250863988,-252.566545689794,190.120570226735,37.8593617074541,32.0319055247361
"SAM153",15.25,0,40,40,15.04078,15.25,15.70807,15.70509,-134.979212682403,156.021841623119,97.8954407317597,57.6083127997398,79.3828671301002,26.2311721117285,-13.3965095047137,119.360392103202,4.18232772427042,58.8776815032735,196.240271127444,10.6221633573087,227.111170398806,37.5964435369083,-17.9967455480133,104.370789062895
"SAM154",37,1,70,69,36.39031,37,36.74846,36.55997,67.6949591639738,2.01339530407933,88.3560142900275,-89.4957372267575,232.293452960715,7.72740540067268,39.9646085956785,4.82406788543007,40.7603705940543,-103.965095606181,-7.61772772273547,116.407656477664,-192.621757871485,-114.53396139614,50.3460294355677,-82.049116937096
"SAM155",41.33333333,10,72,62,42.49029,41.3333,39.8826,39.95227,-47.0918167404818,193.948832483888,-35.6444454204261,148.370956934356,50.0085219820322,108.53129461409,14.5184056420362,48.7051567708348,45.8889666361137,-84.0446551587003,-2.62032593875259,76.7149245865158,-110.93962604703,88.7853640770002,100.001357410215,-12.5552442178546
"SAM156",42.75,13,89,76,42.05983,42.75,42.58974,42.51654,15.1220788277717,150.657929638895,12.0767960889814,231.68720176112,-69.6494422751732,-134.837550192645,88.7106466346164,60.509311517412,64.9940205794688,145.849817432398,-33.0344460751944,20.4870995265371,186.885715828672,147.697222996944,-157.99713403119,375.593181447004
"SAM157",23,7,42,35,21.78857,23,22.72125,22.83539,26.6473282885992,-14.9686981493637,5.79660299985639,156.658215501259,-8.99170653315135,14.653375795547,-142.555789828729,17.1079801848238,-39.3412910652893,1.54809098885965,58.3453603384239,98.0257411676941,-148.238728158874,126.896705451204,-1.31631857033635,95.50044360771
"SAM158",34.5,8,67,59,35.02865,34.5,34.35598,34.26654,-140.317535322779,217.497243727863,61.3087483221958,18.1434907082251,-8.62020369215957,129.489582017151,67.2536073932951,195.967163129368,37.4360875192323,267.783733126024,-41.6381000214856,17.4309018239879,76.4359356029972,97.8799268540931,-18.544099272564,219.193049835202
"SAM159",47.33333333,36,55,19,50.50045,47.3333,48.47884,48.33927,32.4931428696345,49.2358167491654,156.259141930732,70.2891686106577,-40.542105355532,-45.0471483920655,45.9004459359341,156.122343468381,140.753769639179,202.009552925961,44.1028138382746,55.6193969319363,157.463464206761,-47.5665307579106,98.9436230411677,82.0092510180621
"SAM160",39,33,50,17,39.33088,39,40.29571,40.14365,-102.632999903663,-13.4867307065432,9.79588610442829,2.15242234605009,-31.4364872879559,107.987885357813,325.504055267853,-54.608511595153,108.240600109951,113.387793677855,161.08819541709,-220.939543582651,14.2024065463904,11.8362150160033,109.920853294302,-15.4488542806074
"SAM161",12,0,34,34,13.50669,12,12.92491,12.86823,166.337228757533,-10.5118035752179,-50.4161384139589,-46.5350724495459,9.6941245438517,25.9764046006893,-213.238603804975,139.319766529818,98.996670299484,11.4820784390553,112.065357184975,123.186740967629,-22.1118089438207,37.8675351961153,12.615388697554,65.641187078696
"SAM162",23.5,0,44,44,24.80307,23.5,24.05412,24.09281,56.6080054282758,-4.94651827833577,73.9403295047419,-53.6159285808078,-19.5389788517915,-118.254750132218,87.7844431884126,-52.3537178885175,48.1691595741295,81.3828473297423,8.19903835097176,91.143025903605,-9.52180455042901,-23.1414913957924,120.634631564806,-25.8672998965754
"SAM163",20.38888889,0,56,56,20.40907,20.3889,20.50195,20.43085,-35.2798894656255,120.232494260084,235.363591837897,91.5608935194252,-73.909186903235,-78.0200135177664,-37.7553370198873,75.8216929929043,283.606175974711,53.1387256655985,147.79235027567,5.04171037529139,-43.9056791350823,-25.9191678960573,-118.857013557656,-103.970002459997
"SAM164",28.33333333,26,31,5,28.63139,28.3333,28.53337,28.60481,-107.648817897699,243.630283241407,3.02535285370246,-63.6637302878079,35.8425948884565,42.7125623224066,64.3904076123052,124.540356028005,46.9727897342175,143.434575665603,-76.3193799711655,138.088613484026,115.438619921926,16.8329391814756,43.7735433655625,-89.9268207688388
"SAM165",14.75,0,36,36,16.21002,14.75,14.86499,14.99853,76.455443073552,-3.80447713935672,91.2278504269261,81.4604100006147,110.023037397161,81.004411154484,-16.1629930786999,2.87927726565377,235.472600623858,25.0730640265548,-82.4917939412406,2.65657915655132,-40.7822979308704,37.7633473174016,118.691736306159,-126.744183101648
"SAM166",47,4,78,74,47.29901,47,46.41686,46.42226,150.919281589816,-10.8394948750556,-0.506421407316097,10.0475578047432,-19.9166982556489,1.23251033212998,-154.734169844763,124.375095504323,-39.2503613295909,-43.1487994437423,158.667674992328,193.322439957225,13.378792977184,-176.098885379929,108.65182098321,33.9637803357246
"SAM167",41,29,64,35,43.18341,41,40.27366,40.26159,186.413389575741,109.630064005128,-149.811275853001,205.795209695107,-8.69436605958934,231.094689600545,136.445872016342,2.94890795673193,-34.5772130649236,-5.53277672066688,23.658150319736,69.7356978318943,40.1855259463552,-65.0827301514419,-71.2857627952735,58.2642594596732
"SAM168",26.75,20,36,16,27.58354,26.75,27.17365,26.99853,284.378104019377,10.6653367807809,40.8733891556334,103.284642163623,133.276337606741,154.521183666329,-31.1133449715155,-39.362996518176,-24.7872124202028,124.458068107216,-19.2388148964717,12.8622680018651,24.5897279267417,133.060815941494,24.1512725047667,-64.7501143863498
"SAM169",31,10,50,40,32.17953,31,31.29751,31.27148,122.344889667604,48.4889473856673,219.289167527979,-57.2833944066251,27.0295984456096,67.7186465641633,-49.906795810517,-35.5319886541023,139.216068239442,36.2416563623554,72.1677804661154,215.259286781234,48.3171599153582,-44.1198257892351,28.9726624722686,110.78039501818
"SAM170",19.66666667,1,32,31,18.73941,19.6667,18.46313,18.46922,-51.5044544691608,-76.4697318430362,-59.6568159451237,96.2782785323436,32.7323905129563,-4.18703482214462,12.1247940281378,21.3768296056141,59.7505444449251,-77.9693680527867,-73.3635576970956,123.824232165742,55.1389781552832,97.3730688839345,152.463942896309,-26.4611879036349
"SAM171",27,11,53,42,26.59068,27,26.92909,26.76654,68.0299829559067,-60.1270736949368,50.2840166521324,-42.4436005526199,313.845999741474,-5.45083270692582,119.92987076658,36.9419178925056,24.3827773672921,210.371050029879,93.1357911314947,65.3492966509027,109.161674881045,299.465830098627,23.4025108144722,57.5787953211887
"SAM172",51,0,90,90,51.46701,51,50.39391,50.28454,111.71337391112,-17.937476960307,117.309689463878,91.0003733405775,58.8383496123232,72.0362503013783,174.201854811864,-50.3561108285175,83.4983015984463,137.875834038069,327.441213490796,131.247442442256,128.912895241367,25.1598107360849,-19.1015926979469,44.30413834887
"SAM173",59.5,28,85,57,59.95411,59.5,59.46878,59.74853,101.029544952028,231.943362510758,135.782227506454,223.016072511768,83.1289828166573,41.276322261254,118.034148578848,221.778462521766,95.0914370849372,76.016284781183,-19.3160415080804,99.9028093828663,196.559072573738,172.88774607202,149.814623291413,13.5171773490516
"SAM174",40.75,0,70,70,41.7089,40.75,40.95434,40.99853,-33.2909290600191,-52.1659641269568,8.1870528467284,115.875838741124,34.7921267450473,-11.6567023134118,-99.1109828658724,7.06501691724237,-27.1820301746432,88.8938588312369,148.27404985872,93.1932626394976,-162.453340567732,78.7891144854281,92.060309000104,146.242119021867
"SAM176",43.25,30,63,33,41.74477,43.25,43.07877,43.29196,-39.6894968805422,-28.2802652806564,100.727411720621,-118.595916624299,-176.306356044177,174.279413710839,349.128415375138,18.5904767373153,59.1219337674751,39.0465719700611,83.67362319964,15.2163850859358,72.6440041874884,56.0225464003487,-96.3644829965776,-4.82231797596585
"SAM177",41.5,0,70,70,41.82652,41.5,41.31395,41.40425,11.2636832615044,-55.8750182486816,-37.8222487633548,72.9117442446041,221.945790086097,90.0140953098432,31.0847045576522,85.7555766122009,39.6024384502919,-49.7640292504251,-31.7157750110734,89.8570744271793,71.9440592075229,-115.959744939235,-47.1988847705868,50.7356948098517
"SAM178",3,0,10,10,5.82546,3,3.25785,3.17967,-33.5504774609199,1.7448512241971,74.8798158710217,39.6674091421927,-154.518278901752,-98.9255427953417,-52.6370197395012,63.3166588304533,-11.7026452437887,5.23532492885103,-30.7635269683756,15.9993260216886,-70.9272456408031,12.7072131258786,198.567833681397,50.120939947473
"SAM179",29.14583333,6.25,43.33333333,37.08333333,30.83968,29.1458,29.64309,29.73864,35.8781722260491,-182.582366438256,6.85467027549288,-22.3917602785363,100.09069045929,37.2107627362864,50.1577807012459,-36.6568859987264,-101.662084497189,-23.5424958898261,93.5482306626784,-101.484115924831,-152.146459465587,23.6415673803841,157.263614257907,42.0688331541825
"SAM180",35,35,35,0,30.70772,35,32.00232,31.87459,102.923699346406,62.050070783702,3.66768536290839,-49.3858757585051,-30.6925429197959,-17.2660459362166,-100.384287998237,169.531474815438,71.0832172232326,-129.384844027746,92.9350520233213,-86.6373820490035,61.3959517084371,166.279160111676,-13.4577087737534,-99.7880050947716
"SAM181",43.25,17,53,36,43.04723,43.25,43.01186,43.08539,95.5725354931079,125.487149839205,47.8776365163956,29.9594585028785,-4.55394579840124,-31.1210897047782,80.0038349174866,137.201147295016,49.8093997314902,-61.2324969086041,87.9445874000708,-102.966917479956,66.2777838170446,-138.63774924262,140.559338615151,2.85521652686497
"SAM182",36.33333333,2,80,78,35.38147,36.3333,35.99119,36.14577,35.6616096639314,55.4576461746055,48.2402429208421,-135.157085367778,-40.6887061900683,-100.824997081719,65.7740526220414,86.6625834839057,-103.584179091506,74.7624205838566,182.639691262716,-2.56904554545842,-41.0361970282551,138.011577585782,219.132478097467,137.690265699084
"SAM183",54.46428571,2.857142857,82,79.14285714,55.57888,54.4643,54.56588,54.43739,-30.9539443665245,125.023880886102,53.5010772922978,-4.53317375152845,53.4863079351481,67.3721408993083,-86.4187684238641,168.226388613435,184.307802518495,-20.4816868512835,-13.6496226374076,214.290453934676,68.9777791277393,252.086034662612,129.019922425353,75.4022327271822
"SAM184",38.66666667,19,50,31,38.97723,38.6667,38.15247,37.83645,17.8406116242837,249.463638173248,70.6413863076267,-27.073338989418,9.01769969645161,151.948850623211,-105.199399535155,-122.794967684465,-2.66634163652117,-59.5034519135955,-14.1131683884116,140.104753813564,60.2897727863176,21.9930054821177,-20.5636662660899,72.7591245842595
"SAM185",40.66666667,39,43,4,40.84562,40.6667,40.45638,40.29549,65.0000511193807,-111.226952646655,-6.98996049345882,58.2085161962794,-24.662257520898,53.0980027045793,158.179197231107,195.764474430848,-309.529970023335,207.376467125316,-63.847448930514,112.469302832874,31.8616309547955,131.094041405684,208.803444216289,-96.8705660070865
"SAM186",35.33333333,31,43,12,36.01645,35.3333,35.32123,35.69662,15.3904023372029,17.9900628027146,-40.9806282815288,10.1312230849495,82.7644445367547,48.4271109897688,-14.3131162032682,178.724552212974,239.629933468181,291.217769751753,34.1339728752529,-143.357952510812,52.7463652065747,-29.7647203812648,19.9583876675949,180.084492013146
"SAM187",10,4,14,10,12.39156,10,9.6056,9.62882,60.9781132508291,-151.216461572439,-175.27717595295,22.47739723642,-15.8999777488703,53.978917996351,62.9179474678561,-35.4099498813458,-49.2316724224753,74.1241221725099,28.3027438358833,89.7163329364281,-19.761990579512,114.631687157112,-33.6124535975459,15.8662562743112
"SAM188",23.5,15,35,20,24.72969,23.5,24.10905,23.88624,258.371257171035,53.0116442545494,-69.6282677290272,75.1824094843021,107.055013106764,-18.1718965984229,120.555688659749,137.175547801716,52.7895051296735,101.734464435954,-105.474741892624,-106.345593431006,46.4881091772928,-182.252697594895,196.916431180095,58.6964258138829
"SAM189",17,0,23,23,14.6901,17,17.13266,17.11081,10.8154809202333,-7.11109977267667,-37.9349376468006,-16.5459596326503,-187.352890310981,206.985878925822,83.3206051300514,137.352621075102,-10.1432008836282,-80.9354106014967,-85.8255149898177,79.9159021367048,88.1303547313285,115.07059529218,-22.1217389864589,-97.7978653076868
"SAM190",16.25,2,27,25,17.73967,16.25,16.71619,16.70509,2.98122263100183,110.504729445232,65.3626664787871,-17.2241167296614,55.7797791668035,225.801135318461,200.35199262115,-52.0179225312623,48.0879729828733,-6.63940457406666,49.3995138708631,26.4691427762213,200.612025877298,38.8823710873389,-46.1562576659817,50.4656902611896
"SAM191",37.875,19,52.5,33.5,38.6536,37.875,37.9245,37.77925,13.2925837231541,171.211983581302,60.636838154519,-22.7605297889554,179.071626713777,8.23492498754095,118.948713762267,61.4502318164812,-63.8705926949357,268.54428298957,121.414153175519,-57.1277237642747,97.9094775776041,64.6753358995583,109.667145795718,76.3837355065852
"SAM192",57.75,22,98,76,57.10349,57.75,57.93809,57.99853,10.7552126088942,-46.8638350111181,166.726256293529,47.9502879957486,25.286352617657,14.0746858083549,13.4761009912025,148.742767237753,182.130037228233,-32.1237156825312,-26.8397938939036,50.6533438240032,185.608450395454,180.403285925627,17.0839955724362,72.0360866537775
"SAM193",48,30,69,39,51.41621,48,48.50775,48.36329,72.7675133129079,27.8693164210582,15.6380511224623,259.360977335705,64.3135566316421,8.74544518463286,252.054066433243,113.743089765835,-245.9319147298,-48.5254754193462,23.3849895919442,52.0172783393347,94.582500261581,153.432434622832,-28.3093085592703,155.46951261515
"SAM194",38.5,0,78,78,42.39913,38.5,39.89176,39.78136,-39.5951872737173,-105.717272606565,109.094872707418,104.607255505659,-66.691976792483,-49.105384700387,170.590658250815,123.627093066472,-68.1104930668721,19.7636469098105,50.1668661488156,127.650063473868,38.8973385306473,30.5361177377901,99.4798050744314,-20.3249324602263
"SAM195",31,10,60,50,30.78611,31,29.94666,29.94027,-54.2329204837602,40.1465810783976,97.5882683695987,75.7801431705334,255.925587793682,-16.0927902276575,-37.1666692971941,183.694280000133,-37.3738668660855,33.782086471859,46.6555791688512,21.1257600698452,65.027886295946,-5.09782824967082,-45.9664344675966,2.97866542380137
"SAM196",16.5,9,37,28,14.17865,16.5,16.00478,16.05997,221.00388268729,-68.8005653681901,-152.572075301327,150.49153151774,69.4232520839338,17.7718021170793,-10.1822803381035,19.8135688248096,-53.1854592433176,78.4739748350331,3.08710798404468,69.3530604477521,44.7511766128449,59.9619036346737,-45.7954034721491,-77.875641019864
"SAM197",70.33333333,54,94,40,66.6878,70.3333,69.37956,69.59493,97.8449613846664,264.053554846014,184.154286831702,171.608941522403,181.95606328303,105.42045342382,3.85496575905334,-44.5881231099432,-98.9772534668785,108.9520509301,239.569555250214,87.3024242994668,107.740603219021,114.151688467375,-64.5262217867853,24.0377834708814
"SAM198",22.5,5,38,33,22.85507,22.5,22.42909,22.26654,-30.8978218934625,123.72015758431,-119.833068253883,7.76207378644072,-168.515020536814,6.94155152048546,116.129138415322,187.769203137497,199.71642974095,148.749530642265,28.1972157585501,-213.033085912166,-34.8601546100597,-46.5280388926901,46.8615652018889,-11.9501134719124
"SAM199",55.5,47,64,17,54.43292,55.5,53.77817,53.88942,166.719260799908,214.616578672863,245.087494092042,44.892313013389,13.2494958088464,45.5128644858978,4.01452317414781,10.8405004973895,-100.653616771921,-65.47066254441,247.069791775228,44.9396888864514,67.4860478861802,-188.619003184702,154.836581615227,16.1547675283174
"SAM200",31.91666667,16.66666667,50,33.33333333,34.66372,31.9167,32.03785,31.95863,44.2580638949747,-90.9723512524632,-55.6668853606024,58.1013705357308,21.622021143248,46.1390043549141,-11.5682850251099,59.8274911290242,7.53596161341929,-54.209385127868,-122.896612966514,-41.1630954162491,32.0099687507576,128.537214310019,108.674366357239,107.152906773727
"SAM201",11.33333333,6,20,14,10.11295,11.3333,10.837,10.87035,-104.878401635418,115.164369978242,-26.6211586599355,87.5691861009287,-53.5005988800001,38.1559157676433,22.4681274977253,139.853853763884,131.85774618668,109.895971750322,-10.9229447712058,12.8315520663698,-8.98274632081326,-130.805212899737,-40.328331169564,44.958567795932
"SAM203",23.33333333,10,41,31,27.18342,23.3333,23.88061,24.06385,27.0710712198599,84.2553873671263,11.8382853559082,-147.806138628995,31.8623078893478,281.369851251925,22.3875027614171,23.9560242343541,-11.4046493161193,-148.990725103507,65.7238047720132,-8.3224953642659,15.8712416789249,36.8623879389016,18.4182000338118,42.7585418200573
"SAM204",17.25,0,45,45,16.11349,17.25,16.95115,16.67226,32.0714686838384,-96.4793418957426,164.477173070276,30.6366136250374,-161.701602101979,-187.005891394131,-157.38507263399,159.876585030432,-17.6930390405527,69.9284058357745,49.0300898043048,-119.164152499425,150.653597904732,44.0832832951977,-63.9795840686709,-64.8340393282834
"SAM205",49,21,79,58,51.00833,49,49.23683,49.24853,83.052922352247,22.5247078458689,60.5119367128596,96.2558232505774,2.79131486426552,79.0820164080753,128.355614370298,120.690809392124,78.1315142572589,30.3527056025023,275.617009087939,-126.523351844482,83.2580113256827,81.3051493123401,122.110687617335,-63.9967280399992
"SAM206",41,25,60,35,41.58766,41,40.94918,41.17967,110.573715133705,-3.53134899125849,92.6618444489418,195.12806089148,88.1559696966277,40.418279145894,-41.1333894963068,44.6671172581547,40.1823398065365,147.266239371565,256.879791209261,-21.801305609521,113.548194116907,9.03274428379475,-29.0635406905995,-75.4769717768986
"SAM207",19.66666667,4,30,26,19.35926,19.6667,19.75394,19.84634,16.215025167473,-93.5462570683586,145.281342524624,151.504811322155,40.3549519740319,133.268277456322,-3.1622010349156,-90.3306795582473,191.693761139884,131.737098926109,-100.193249847093,137.829925615713,275.871540001981,-133.109515736287,-23.767786855145,-68.1995443629571
"SAM208",40.66666667,10,77,67,36.95841,40.6667,39.91677,40.11188,8.76098973302935,70.7616606710194,-132.069423022716,-55.0755791557434,55.8666527391998,134.583113981077,-84.8018620391579,55.4703780352583,55.8175020344842,-24.1538295074025,124.048748929367,74.3045881811001,-41.2932507914475,128.272979332619,-6.84493698466177,234.819344164428
"SAM209",28,0,88,88,28.02999,28,28.04808,28.04196,88.5920557961361,28.1603746727025,60.688546252762,144.536780373,53.4351688978838,21.2114906211222,22.4566464058606,-33.609091819259,47.5038050460783,70.1792988715904,160.852245972077,146.535958789993,79.5130752470458,-87.2452556872336,-8.7698365862172,-158.058751139827
"SAM210",25.5,13,42,29,24.85136,25.5,25.51701,25.40425,81.5890396428806,109.135613283014,-130.992565842031,89.0029655803721,84.2839167099374,-6.06197758021778,-75.2759533766764,131.511331748946,-101.615991968927,238.840753236373,109.205538280457,-44.7821064305188,118.84106406497,32.5633181882562,-121.099520135205,135.938056153728
"SAM211",23.33333333,17,32,15,23.10127,23.3333,24.44189,24.24747,177.574913174991,83.2563503436398,89.9742235638239,-92.1385367016354,-159.679296612729,24.7429022328444,49.5032035006386,-177.314573756788,-73.221643936211,-124.69183718438,-91.3712621234284,-144.93661754061,-165.824384593104,133.593062993542,-172.643951994159,22.4813647389596
"SAM212",72.07407407,42.22222222,90,47.77777778,70.33008,72.0741,70.8769,70.78482,70.7535646332031,-117.40743958291,186.965496438825,102.824103584883,67.2606490243727,80.4686670547832,146.027785004032,-2.21585765250373,113.348600118545,-183.150256006927,36.6647020811753,-13.4468345603951,-63.0512845581129,-85.1277601870826,48.8886012811658,52.0115383050724
"SAM213",58.75,32,86,54,57.96955,58.75,58.86499,58.99853,78.5119155148588,116.95540809654,280.392241704886,154.611933334627,-55.0103042619305,-2.92242232260769,28.2558562897435,96.7438713276569,105.871099885959,54.4587405952208,114.681078738679,34.6891024892264,-85.2415982094884,130.73559458711,-8.06538747251071,8.78976989486086
"SAM214",26.75,0,56,56,24.27495,26.75,27.00307,26.99853,156.57615709112,-149.028294172042,247.990143417875,214.658141962705,-27.3354035271774,-107.742061335023,87.2069552896416,160.531289293232,-3.48989743335391,51.9888574584142,3.12372240770392,61.1955244022281,-114.406410175456,188.953278531308,-130.675659065347,-23.4490523180653
"SAM215",27,8,50,42,27.79014,27,26.94391,26.90425,-32.4436627129724,-121.758135847009,13.6654927736382,-7.38172554223398,99.7937525073883,-5.35995909232921,-20.9569331240418,-91.0765498426783,-3.13358052261245,-4.53141219868367,31.7664151094378,-86.7844905059619,47.8214469825753,24.4787867017384,161.150141598597,44.5753680542415
"SAM216",31.875,7.5,77,69.5,31.70034,31.875,31.71524,31.98581,33.1094322407645,-13.7782592433453,145.848463797358,-111.029007363355,-66.1110121311405,218.717502087222,-15.4273320659714,-79.4646203095989,-47.1681276593862,-85.059442158114,100.937270215414,86.622802047215,-40.9976372238271,79.0500654066639,-138.290467831356,143.390273827764
"SAM217",27,11,43,32,26.49563,27,26.76236,27.17967,18.1035987650318,138.606466151217,136.344198151791,-43.8758358754299,-4.43144422789752,71.4457181129336,91.7040844992243,-20.9670234800297,87.1402837268862,49.14940799451,8.51698614456239,196.666488568974,68.0689820617454,17.5478892579569,-4.06667945224337,15.3157965367564
"SAM218",18.33333333,0,43,43,19.43505,18.3333,18.61365,18.69662,-232.809168631503,-65.3898134826237,-2.20021781505566,-52.9263429324553,64.1362709054566,101.213131986266,14.869914058122,-103.554434291715,61.3471529544639,-115.653659805842,75.871778594063,142.820398666258,-58.0593084536839,6.97222983315092,102.922171611451,191.091812297746
"SAM219",27,0,38,38,27.2879,27,26.89517,26.90425,-30.3702107832185,5.43546155676403,166.386521260405,31.0393327941669,153.844666625466,116.620602773442,46.0504245828702,164.717117448073,-98.0151004009866,87.9725511997593,-73.7363480558728,-23.0732185232014,-7.92702068778087,26.3996079870146,-188.362959792277,-245.950269902779
"SAM221",47.33333333,9,74,65,49.02206,47.3333,47.28428,47.60481,53.816045493241,-83.0139188807064,-67.615320827743,121.015747610021,247.121023708441,179.207277273789,26.7252846382153,-46.4682293124927,91.7402382858564,-109.463550474187,87.3226531602241,95.3060184276103,-88.9963699488152,159.472008433911,-37.8036789126707,150.650476345328
"SAM222",43.75,24,69,45,44.57302,43.75,44.21426,43.99853,62.6743076221734,-75.5242719903845,-15.7228053995176,-9.56649124734777,19.7221566052212,-52.9182688747183,5.20521096578159,174.085267439597,51.4598617753698,78.7106305153643,-108.313369038378,75.1579911635567,95.2869740524979,116.662974299271,28.0158537219798,104.626462998841
"SAM223",4.333333333,0,8,8,2.91248,4.3333,4.26898,4.513,102.203861115594,27.2852036446102,134.800395358163,-25.4013660160112,6.49663182111577,-56.9974945852955,92.6639782295848,-74.4693796834135,-0.372077005819522,158.388809919279,44.5219749815195,-1.69833498472977,46.7951009137013,157.803475021567,-40.2732530669662,-133.486632202482
"SAM225",39.5,33,46,13,38.94264,39.5,39.27476,39.26654,80.9719938575015,-36.4774739474827,61.1426002470392,66.3599038563476,-35.9570381101139,57.4547983681854,171.098542835718,151.575298377103,57.3904163590898,-50.7413615267214,37.7254108262427,-12.838398157965,13.0397506414483,125.320838271444,54.3675174797362,121.295901894846
"SAM226",30.66666667,0,57,57,31.14209,30.6667,30.20586,30.4332,24.8246211313107,-127.695384691685,-47.0614770250427,-43.5272725258127,-11.6794240864174,33.3946411334363,-2.39331494200075,-171.401066711997,109.902478139587,-110.862043700542,-187.120168016409,75.9067351829481,-89.2123766472301,139.975187801396,129.085817998862,163.621686158955
"SAM227",22.66666667,10,47,37,21.7401,22.6667,22.20282,22.20368,17.3844106457425,73.3528144588043,-32.1192647886561,14.6000831114861,-5.05163687570695,63.0085279409416,35.2746689825628,146.169675588496,-20.2918902167729,298.303928834984,189.550153008184,-1.99458266480701,181.294167145245,112.67868280737,-40.9924227608107,97.2638661295791
"SAM228",48,0,80,80,48.0645,48,48.32475,48.38624,-155.587822090892,16.199172384518,-5.74183133674417,19.3381619186468,-63.7923084250765,225.07736206666,158.065282018431,138.215963242771,-100.056489194008,36.4400212165127,-43.2311953397609,12.7657037600821,-201.08004933576,148.472689906357,90.7610851454439,-132.436013802316
"SAM230",68.75,21,100,79,69.37087,68.75,69.15121,69.20509,97.2296929392039,-84.7530405480341,-4.97451195269771,-125.873562130151,57.992787398704,30.3459979785449,120.083666505188,-14.0611282277095,346.631031636141,-81.0278833284688,168.605109171099,79.9465768015609,27.5574865836715,62.9579486872059,-1.181949166813,92.5389591564452
"SAM231",32.25,2,62,60,31.19814,32.25,31.90099,31.80997,147.208298146738,-19.0455312881593,168.93261950777,33.3581446439878,53.6386569292801,-90.1836015003592,-39.402715537597,88.1212710819036,114.07969494061,-64.1194431126072,65.8363220066345,-65.3492092468104,125.37015810425,-87.9340349459581,-68.0500721573118,53.8992942348326
"SAM232",53.5,22,83,61,53.23344,53.5,53.7612,53.74853,133.907242763709,71.6236033658655,46.4227212479755,-75.3139984099908,-132.231059878533,147.473061171895,175.274791621402,-4.46078136179156,18.5100928537183,13.68011677353,-24.8663039124331,-51.6511859044958,-83.837949400298,11.7776838488707,250.113852577277,-99.9130608157033
"SAM233",30.25,0,56,56,30.63626,30.25,30.08354,30.2231,-24.6664757336889,-64.891947038175,-19.59718003138,19.8817678823785,25.0695771145858,97.1354145894233,21.8458417218538,173.621236508557,46.8847357394269,-81.0626160943564,103.245366541874,-121.579662413215,44.4027655787782,27.5542509950519,-13.0239893122031,19.3126344727525
"SAM235",15.33333333,9,20,11,14.91397,15.3333,14.08457,14.3195,106.431701279522,19.4932408223265,-154.03809147976,10.5209918314666,30.5501250609146,-4.31398810594121,137.99511323756,114.540015044877,96.1640599752653,163.386404786566,45.4411761542825,-41.7955078359713,-176.962470633395,-13.6964996354883,246.369562064501,30.8582265928559
"SAM236",47,47,47,0,46.88231,47,46.84644,46.90425,225.911562527791,165.882345457062,27.6040455805783,-82.8629760793937,324.225298442344,64.572582494521,47.1532813535745,27.7433323218287,3.16017722170272,50.6873247530241,-112.433660742391,-171.636017966675,300.082901987973,48.3744107820122,-50.954804031894,-25.5032091438796
"SAM237",31.5,0,51,51,32.78649,31.5,31.73013,31.61081,-64.140123975124,59.222071641028,192.533015480436,97.119014566136,-0.521013566306181,80.1790229815694,1.42566830625665,46.8562676527874,-126.633989461677,-49.6668295701571,72.7825869668727,37.9037889534463,71.4158903668276,122.386065018962,67.719966970356,42.0015467943609
"SAM238",28.25,4,74,70,28.00409,28.25,28.21828,28.15425,154.848303489127,-11.0758519394856,113.397991973712,-61.0654026059998,-78.8278329726878,58.0996239648664,14.6885993586166,-67.2029842734146,110.237973215331,-38.8364530141844,6.42033631996021,351.921704120303,61.3068687939091,-8.12584610368155,-12.6567520566165,-138.966312135777
"SAM239",27,1,58,57,28.20162,27,27.78967,27.59281,144.434032783702,6.745193140681,-94.0084118893325,-128.498653871258,-71.5924587083098,-8.36428365328827,-0.923880769905892,-34.9971682001543,24.0291458486994,-25.5766097575785,54.4320916014722,49.1451956839622,-140.952029670741,109.735630415921,-149.168911472151,-145.55446521069
"SAM240",21.93650794,10,46,36,20.86591,21.9365,22.34391,22.18503,220.35636570947,-62.0211214306272,10.8315458123749,267.320285857283,103.86470826144,-119.455417124562,144.615466854354,61.7048856822745,-21.4910534925718,-17.3741470746294,-116.881054472821,-143.090649112309,-27.0401774805773,-77.5177666323867,120.167684471603,-21.2157043426295
"SAM241",33.33333333,13,50,37,32.26333,33.3333,32.77202,32.87035,-105.538210194709,127.755611959744,-115.070781554101,-109.8058796531,-137.904009081778,185.284670366344,64.9737608560393,215.353940922159,-28.5541683940081,-4.36156957579367,89.3109512405518,4.05893767101082,-99.958564546613,91.1157180489851,168.326703370592,-18.0707640797906
"SAM242",66.25,2,100,98,66.9435,66.25,66.3129,66.42967,10.1699222804893,57.4047808879476,271.163671352443,108.10826383693,-2.11056190715738,433.582776291671,78.6684548960203,6.62340759769598,231.541402250412,172.400973307398,20.8020632913449,165.993543024662,292.272010447809,71.8416929701745,79.5060566502906,25.684508906462
"SAM243",24,3,47,44,24.068,24,24.26455,24.31738,225.342719205997,-29.6383694878011,-124.941635310984,128.554097925924,-29.144301396417,-85.2193405278079,-160.794598454488,-72.8420830159628,-12.594748935852,-36.7996836061804,122.902381961019,51.4087913488506,66.3187385911887,167.812502803602,-98.7608838144453,121.077897660533
"SAM244",21.66666667,0,34,34,22.80967,21.6667,20.64344,20.83645,-160.597429971342,-32.9618545174232,80.9959981434891,-54.2563120129793,81.8330348885781,-184.57175967781,18.8954901052647,147.582446942582,47.6372943154126,-184.210380656452,75.9739316192036,-43.2715115611164,67.3814985738648,94.9631862743198,-46.2965841248087,-66.9137551534294
"SAM246",26,4,47,43,26.39279,26,25.20039,25.14683,66.8864102461033,73.3311684922185,-0.889063427570591,202.845514015277,35.1627132370384,-132.63369714446,166.002167838464,98.8398983855941,-16.1560867256673,-71.1284599555016,-110.777701429155,-1.4086115035954,-10.2425200479898,-40.5620365273344,-36.4376623556948,126.248023246442
"SAM247",31.33333333,10,65,55,34.70346,31.3333,31.25748,31.05397,161.85534022173,-49.1554011339358,24.7850122786843,-126.107314866661,-4.32844489612098,105.956978211167,-211.004343024594,-173.890497468571,90.3153834607174,148.095108755737,15.3176061147657,-38.0796622959422,32.1110155993259,-181.674575067567,58.9333925923914,-66.8188776605363
"SAM248",29.75,14,54,40,30.83152,29.75,29.86164,29.92967,-104.589200513236,145.789235800811,232.402840179213,37.1689647723126,164.939766633663,146.406966379058,-0.506717330826351,34.3478393661258,120.829502389561,11.8912398710853,59.579490413918,71.68510350065,73.1596103816857,119.328275966327,80.6461077257747,98.3926800393905
"SAM249",30,8,58,50,30.21666,30,30.02321,29.69768,-17.9429369498592,70.005241003409,-54.0400391951005,120.879109952913,198.139009602114,-83.3781862959348,-46.0534905917358,-118.321805287514,150.080887335704,55.955527358785,-27.1503306619281,-129.819594398237,-91.738793605029,180.249610655512,2.05344471195257,41.1645215751197
"SAM250",27.5,0,47,47,24.45209,27.5,26.50017,26.37141,2.98787339153398,61.6760374855543,-156.910133390411,81.6502976105152,67.4966932406249,-18.4558356872884,117.422875889099,-26.2673509562458,-43.1444230348439,-74.4270229518304,-143.513677397981,132.43747507458,-182.796079291668,-151.46177862769,-12.0206434170025,-98.1910293049537
"SAM251",50.5,21,80,59,50.91197,50.5,49.43569,49.71569,131.860316586022,-115.681338361967,-37.9418332897041,-83.591670866359,50.8510523005476,95.5789062399382,165.60546895356,10.9543936884003,256.433396983578,-44.4493898160229,-11.780847193892,-64.977773910501,106.865932211498,-18.557888301048,-24.3550595580815,84.222260094593
"SAM252",37.5,28,47,19,37.01149,37.5,38.59649,39.05679,-57.4694858035237,22.4502106657838,-63.6812205902955,-140.216759973546,18.8467412179847,-118.547092391826,-8.45512092823832,-66.2364146540961,33.9608092742558,94.1944083450372,151.114074330401,-30.0808132039907,-10.2143853058409,-6.20831822809396,-68.4080999001874,10.5755818387119
"SAM253",24,13,33,20,25.42015,24,24.65159,24.59281,-93.8092716625522,48.6430361983552,74.2990166521193,-19.8296164291607,9.07163284511327,61.2895248252211,153.845982269155,-70.9536066810582,-33.1350921884431,-172.328282464836,-122.363057600479,-97.7042996212696,-84.8032280095952,-89.0358066298867,-116.964036888784,69.0830533025295
"SAM254",15.75,2,47,45,15.78112,15.75,16.05516,16.06738,-6.3413289098976,67.567191673438,98.2257608032816,148.390811674496,-36.2171001903646,205.777788337245,-110.106586579069,162.98833924472,17.1308638928935,120.329357155986,-154.724640250275,-24.8013800008561,74.3539849107904,103.829004852347,50.6300802996673,20.593874092126
"SAM256",29.5,0,59,59,29.95444,29.5,30.21799,29.95509,194.43753638905,-41.7641876189376,-119.663351724332,189.74781574186,55.4272585772086,-14.498818759875,-136.732169426296,-31.9673708145502,114.147193800105,100.555456154113,60.0847046382486,224.744823470497,348.596469460516,17.4604660836125,-22.9067293834242,-187.275528152523
"SAM257",47,5,80,75,47.15563,47,47.53594,47.38624,-108.943482236626,-27.1321264401862,120.063024877911,111.024030643015,-118.45203119774,127.839954587387,-139.857624904874,135.276350713499,-62.5232964897834,-48.9730005987681,230.262026826958,195.79531017327,40.4928530188319,0.929871392043779,-190.932147382276,165.925889497574
"SAM258",24.75,8,54,46,26.47751,24.75,24.9185,24.92967,91.537947816085,102.215407935816,143.825184930186,64.9908886566711,-147.047486017379,-34.9130864545612,40.6254996418951,156.801665454414,79.8825067716205,-272.901497728269,-63.1155917104875,124.136770769115,56.0118775945861,24.4344910335316,-129.604538477455,16.0666282934351
"SAM259",27.33333333,12,40,28,24.96114,27.3333,26.76308,26.68673,69.6315474256053,11.8514024251527,-35.6265571721991,136.929112901015,-46.6234111800687,-207.104464233546,-2.33116779301217,293.645021545731,-83.0750489763503,46.8947497388177,7.11902713662904,58.6778252275437,11.1136143884829,38.0384913244444,144.689915518979,66.7888275077314
"SAM260",51,18,78,60,49.34842,51,51.64218,51.45509,132.872638615374,-78.7432648701917,10.4471916336297,33.2011904478658,225.911786368109,188.568063058917,336.93733640135,147.954609330188,-12.6104868503594,24.7977022736528,-19.1852566651877,179.299811519556,59.0365312542267,80.2536640531962,108.324096165145,78.5983181914509
"SAM263",24.33333333,0,60,60,26.53805,24.3333,24.4359,24.60481,80.6459931234047,138.517845113851,79.3675293386706,117.531273108758,-127.097363419049,-113.385789129282,-81.6072983634815,80.5996749828086,-128.042749158571,4.60642184023046,72.5463335417349,-33.4352443796682,60.0206088323342,58.9026821848073,-5.44992914850368,98.0205820473681
"SAM264",32,16,55,39,30.71805,32,32.11164,32.17967,137.873887633801,-38.6722771506209,53.9336784123409,91.2310133143011,24.4077198321798,127.051281218943,143.445260141665,89.0957939174965,85.7467514337269,152.451949429873,136.37616372249,-121.972066512619,121.78845507999,209.337224588214,74.3518494486404,-54.742256893378
"SAM265",51.5,30,73,43,51.51244,51.5,49.47905,49.75171,-103.560182960794,26.201774464075,23.1008734895328,3.50622596009107,125.857718772338,128.630919405829,7.87505882764884,36.8923885713249,168.471518369503,34.2164788239394,120.690945711676,80.3748895791418,-64.0483242418368,55.5130707205035,132.553611289694,-86.2194146643056
"SAM266",29,29,29,0,26.02731,29,28.80624,28.07798,-55.2765338899516,-123.85000836432,95.5657031017018,90.1797137355631,147.923968886568,34.0235524617868,115.731706763657,26.5567301636927,66.5573006093962,183.648418024026,123.050076516136,45.9962120492244,168.512619485148,-65.643742568359,-8.81345454279095,-83.42741139564
"SAM267",43.5,0,84,84,43.51396,43.5,44.03787,44.09281,140.792821098884,-19.4279587584833,21.758941340561,-21.9695403811163,114.521847369872,228.571647367096,-33.2387554037716,19.5525513268788,233.969315319717,118.154250563811,-43.415394751645,241.925416351385,163.7780678637,45.7619369534778,-36.0329212125701,187.522741872029
"SAM268",13.5,0,31,31,12.78143,13.5,13.58869,13.54196,-43.0774026312806,154.068270398604,87.2471887398559,106.314746868957,-161.02493955606,126.422724732824,37.1916728467018,-81.8271217577721,161.205772358115,-31.6602023234028,-203.923499901645,31.5395256512988,13.8470804004959,77.4355488573394,-8.8034966186874,-44.7457398888265
"SAM269",66,60,75,15,67.01363,66,66.54984,67.00594,179.007208926444,-144.419637411357,124.214155453425,108.225476415133,-17.1586748620333,101.11710123651,83.0130668537267,77.4603361666993,199.594084333331,65.4331919482417,29.3682226227398,-19.3182129316474,42.6566681729064,33.1564074475609,49.9589099801659,-149.360111135111
"SAM270",13.75,5,19,14,13.89533,13.75,13.93617,13.79196,-50.6997428862096,4.54718098204439,23.4374056254907,86.9296256599827,-31.6365448391351,-56.1993795656475,-58.3296487086921,40.8651178778613,-41.0014157214569,40.9273833429081,-96.0731894951679,125.325323844668,114.699331982392,12.1968745165574,36.1183099713336,-205.765911982881
"SAM271",23,20,26,6,20.13862,23,21.73019,21.66484,-97.1873054923837,227.411177921194,148.1639973629,-70.9119157536738,60.9296270233003,-87.0727324940529,48.8123623748824,103.440334532581,92.4648110229917,-47.2766020698187,-120.853960465563,-101.109056331301,57.6461321783575,-33.1048052727016,-67.5265206691262,-54.3227024335423
"SAM273",35,7,91,84,34.78327,35,35.02371,35.04196,103.813671142264,39.1841718489297,215.331939723801,143.168514286222,-5.98689736839098,88.0616333396652,70.7543060864625,-60.2829840607703,123.400655089115,119.434486499366,78.9790883913422,46.3607584445608,78.700028582786,31.8678830464017,-48.9660005803182,85.0225228877039
"SAM274",34,0,60,60,33.67187,34,33.04463,33.28454,34.9844337123669,-45.9184722386706,115.312585777067,44.8230206071043,-7.83705770523986,141.265508933388,-80.0373008137726,-30.3629135922624,-128.375500279728,-39.632077304469,58.827530807328,74.9155801794384,177.230297722371,98.6722244921753,-28.5996360267784,15.5639137306521
"SAM275",24.30555556,10,41,31,24.83225,24.3056,24.71154,24.69179,183.628483044586,48.3378295100978,134.600584627392,28.9224620444712,-106.165889687445,85.8111452187722,-2.75609847690086,-25.16026838706,33.3074751837856,44.7848835788799,86.7403931448654,152.301929257636,10.2611883732888,-0.536685779084625,-10.2423661459808,-10.3001915789269
"SAM276",19.75,10,30,20,20.01791,19.75,19.80143,19.86081,-204.09321611319,50.3929837851676,-44.8429813370251,9.8102416457716,-67.8715169192101,79.2179391779742,-197.723092674185,143.364658346832,31.5868099229308,-83.3726206984548,-15.7438262044472,35.8109669564637,-58.1825547684522,223.614125087066,-18.2839500742341,63.0560607388753
"SAM277",37.66666667,8,80,72,36.10891,37.6667,37.46152,37.84634,97.6665005721273,-49.2232428725111,130.832723019747,300.606217957908,29.7696183441941,26.2929427989366,-78.5584261880593,74.8070506701994,121.921406420792,25.0729038815782,25.2095378813625,-16.3128759572347,180.85248936613,-43.17383511398,-147.612363745736,100.459850996082
"SAM278",28.25,2,84,82,28.39019,28.25,27.80352,27.80997,-8.52523268516934,93.0042739402915,168.513943754333,246.108496406414,154.68924727269,67.9194938505345,-28.1610388494897,-10.4369393494682,53.3607501025995,166.403211644314,199.651273993624,-87.742785355805,-84.7455661393768,-25.3541807840796,146.94555401515,-28.6098420730615
"SAM279",20.58333333,2,33.33333333,31.33333333,21.46534,20.5833,19.84728,19.86788,-105.368783702769,-21.2992077897905,134.509278243684,139.57353372117,-148.653099480041,28.0556412258118,134.701830889731,49.1799973940412,243.428605094751,-71.3057373463559,-99.2106298220861,99.4158421648411,9.41290157576178,-72.417832886971,19.9469067957295,56.9485135546585
"SAM280",45,31,59,28,45.14532,45,43.1941,43.66484,29.3149828401316,84.3137508846465,96.0475725323301,93.6456627924357,148.483166680088,49.1211241949764,11.3503015098123,65.5820172948608,10.4717374848946,182.465465192214,168.368178320184,44.2408590656935,177.322719013249,215.527480185798,90.4662382757101,21.3756856970269
"SAM281",66.5,58,74,16,65.23126,66.5,65.81955,66.03702,6.0237650637761,78.0867346721969,114.155996379123,209.460578054526,167.764518875847,58.6031660154932,70.3740609467338,30.9564985241192,56.6017799028673,23.595240879292,119.994674304005,-91.1636364060509,303.14363731283,95.5930296800502,26.0503707586393,59.86712081372
"SAM282",25.25,0,40,40,25.70538,25.25,25.60197,25.36081,68.1628649177204,-64.0520032601833,-138.015953189878,105.680013214145,-96.0190167283006,79.427298710067,-52.153686881089,143.295906125015,102.688164750749,-135.738890768393,-25.0502571636493,103.612030358622,7.76899578007106,42.7328291357737,72.7716868494681,-88.4411247505184
"SAM283",53,42,64,22,52.90778,53,51.16445,51.38942,-73.4071503857603,148.111504358483,169.866437219936,117.491693734963,24.6563333403642,-0.611478669588962,89.6672927014496,52.7352738285867,241.652841436942,-94.657219973883,48.5063098863716,149.653443620006,-55.0724456302509,-127.36108034883,189.380813232707,107.447013112312
"SAM284",16,0,26,26,15.92751,16,16.4536,16.36329,30.9693509538686,-32.3173041374528,179.357024686002,-19.4920782499884,12.0646194905536,-59.1410052460372,-15.8362095269969,88.0591273110867,167.924831604793,-133.951848569503,-96.4859802197646,6.42741465696758,-35.1598417963613,29.9970766188494,127.34712644684,-77.5399297230722
"SAM286",28.25,12,52,40,27.01377,28.25,28.36306,28.29196,162.032157674949,-106.08058890015,233.364949826933,102.057963146629,13.0350905782118,-57.1900867234084,-112.839101568545,20.6822549815676,42.0234451083662,-65.1953056994436,-55.9488080254043,-188.871038561179,-20.7396257022915,32.4281575303727,-185.437274668321,98.2773142723891
"SAM287",43.75,0,67,67,46.89626,43.75,43.74265,43.65425,114.138331202279,54.6270993083269,158.33089115864,-62.26709661258,125.086495883448,219.473003348465,135.40303743808,103.797562489801,5.73998876703665,95.377889514325,48.2648188117542,99.1889329542217,-13.3361474483667,116.84862779003,105.065895432469,-15.2979114219518
"SAM288",33.33333333,25,38,13,30.90816,33.3333,32.84593,33.05397,184.886965647242,49.3417509166825,63.359632978531,42.4388839620722,47.5469663556047,203.461873153258,-137.011669341937,93.5630145950691,54.6363268681817,158.071015145729,-187.963719361299,-23.4888141418044,60.5519029270929,212.828263165754,171.535880172914,80.3690870824508
"SAM289",27.75,0,53,53,27.78506,27.75,28.24868,28.20509,7.03847546372158,-79.6358596540441,114.965860681134,-43.335512454208,-67.6130090511182,-150.126835943599,74.0730895982732,-200.831081969248,-36.8070374249039,-152.034870348951,-89.4294191974361,-111.724412193626,-12.988981303319,156.337045871408,-134.377957216649,-29.9937521907847
